{"ArriveFloor":2,"ID":2,"LastFloor":1,"NextFloor":3,"MapBound":{"x":-2,"y":-4,"z":0,"center":{"x":22.5,"y":15.0,"z":0.0},"min":{"x":-2,"y":-4,"z":0,"magnitude":4.472136,"sqrMagnitude":20},"max":{"x":47,"y":34,"z":0,"magnitude":58.00862,"sqrMagnitude":3365},"xMin":-2,"yMin":-4,"zMin":0,"xMax":47,"yMax":34,"zMax":0,"position":{"x":-2,"y":-4,"z":0,"magnitude":4.472136,"sqrMagnitude":20},"size":{"x":49,"y":38,"z":0,"magnitude":62.0080643,"sqrMagnitude":3845},"allPositionsWithin":{"Current":{"x":-3,"y":-4,"z":0,"magnitude":5.0,"sqrMagnitude":25}}},"Start":{"x":5,"y":2,"magnitude":5.38516474,"sqrMagnitude":29},"Goal":{"x":47,"y":4,"magnitude":47.1699066,"sqrMagnitude":2225},"PlayerPosition":{"x":5.0,"y":2.0},"GroundTile":"Ground","DoorTile":"Door","GrassTile":"Grass","WallTile":"Wall","MapList":["0,0","0,1","0,2","0,3","0,4","0,5","0,6","0,7","1,0","1,1","1,2","1,3","1,4","1,5","1,6","1,7","2,0","2,1","2,2","2,3","2,4","2,5","2,6","2,7","3,0","3,1","3,2","3,3","3,4","3,5","3,6","3,7","4,0","4,1","4,2","4,3","4,4","4,5","4,6","4,7","5,0","5,1","5,2","5,3","5,4","5,5","5,6","5,7","15,10","15,11","15,12","16,10","16,11","16,12","17,10","17,11","17,12","24,-2","24,-1","24,0","24,1","24,2","25,-2","25,-1","25,0","25,1","25,2","26,-2","26,-1","26,0","26,1","26,2","27,-2","27,-1","27,0","27,1","27,2","28,-2","28,-1","28,0","28,1","28,2","29,-2","29,-1","29,0","29,1","29,2","30,-2","30,-1","30,0","30,1","30,2","31,-2","31,-1","31,0","31,1","31,2","32,-2","32,-1","32,0","32,1","32,2","33,-2","33,-1","33,0","33,1","33,2","2,16","2,17","2,18","2,19","2,20","3,16","3,17","3,18","3,19","3,20","4,16","4,17","4,18","4,19","4,20","5,16","5,17","5,18","5,19","5,20","6,16","6,17","6,18","6,19","6,20","7,16","7,17","7,18","7,19","7,20","28,17","28,18","28,19","28,20","28,21","28,22","28,23","28,24","28,25","28,26","29,17","29,18","29,19","29,20","29,21","29,22","29,23","29,24","29,25","29,26","30,17","30,18","30,19","30,20","30,21","30,22","30,23","30,24","30,25","30,26","31,17","31,18","31,19","31,20","31,21","31,22","31,23","31,24","31,25","31,26","32,17","32,18","32,19","32,20","32,21","32,22","32,23","32,24","32,25","32,26","33,17","33,18","33,19","33,20","33,21","33,22","33,23","33,24","33,25","33,26","34,17","34,18","34,19","34,20","34,21","34,22","34,23","34,24","34,25","34,26","35,17","35,18","35,19","35,20","35,21","35,22","35,23","35,24","35,25","35,26","36,17","36,18","36,19","36,20","36,21","36,22","36,23","36,24","36,25","36,26","16,23","16,24","16,25","16,26","16,27","16,28","16,29","16,30","16,31","16,32","17,23","17,24","17,25","17,26","17,27","17,28","17,29","17,30","17,31","17,32","18,23","18,24","18,25","18,26","18,27","18,28","18,29","18,30","18,31","18,32","19,23","19,24","19,25","19,26","19,27","19,28","19,29","19,30","19,31","19,32","20,23","20,24","20,25","20,26","20,27","20,28","20,29","20,30","20,31","20,32","21,23","21,24","21,25","21,26","21,27","21,28","21,29","21,30","21,31","21,32","22,23","22,24","22,25","22,26","22,27","22,28","22,29","22,30","22,31","22,32","10,1","10,2","10,3","10,4","10,5","11,1","11,2","11,3","11,4","11,5","12,1","12,2","12,3","12,4","12,5","13,1","13,2","13,3","13,4","13,5","14,1","14,2","14,3","14,4","14,5","41,3","41,4","41,5","41,6","41,7","41,8","41,9","41,10","41,11","42,3","42,4","42,5","42,6","42,7","42,8","42,9","42,10","42,11","43,3","43,4","43,5","43,6","43,7","43,8","43,9","43,10","43,11","44,3","44,4","44,5","44,6","44,7","44,8","44,9","44,10","44,11","45,3","45,4","45,5","45,6","45,7","45,8","45,9","45,10","45,11","46,3","46,4","46,5","46,6","46,7","46,8","46,9","46,10","46,11","47,3","47,4","47,5","47,6","47,7","47,8","47,9","47,10","47,11","29,-3","23,2","27,21","26,3","27,17","40,5","40,11","23,23","-1,1","15,32","41,12","41,2","6,5","23,1","4,-1","15,23","9,5","20,22","31,27","23,32","37,19","15,3","36,27","14,32","11,6","33,27","32,3","27,25","40,3","-2,1","30,3","37,20","37,27","34,-2","14,23","5,21","38,27","0,8","34,-3","28,3","34,2","8,5","14,24","4,21","14,31","32,4","1,17","13,31","15,30","23,-1","-1,5","-2,5","-2,4","-2,3","-2,2","-2,0","-2,-1","-2,-2","-1,-2","0,-2","1,-2","2,-2","3,-2","4,-2","5,-2","6,-2","7,-2","8,-2","9,-2","10,-2","11,-2","12,-2","13,-2","14,-2","15,-2","15,-1","16,-1","17,-1","18,-1","19,-1","20,-1","21,-1","22,-1","28,-3","28,-4","27,-4","26,-4","25,-4","24,-4","23,-4","22,-4","22,-3","22,-2","22,0","22,1","22,2","22,3","22,4","22,5","21,5","21,6","20,6","19,6","18,6","17,6","16,6","16,7","15,7","14,7","14,8","13,8","12,8","12,9","11,9","10,9","9,9","9,10","9,11","9,12","9,13","9,14","9,15","9,16","9,17","9,18","9,19","9,20","9,21","9,22","8,22","7,22","6,22","5,22","4,22","3,22","3,21","1,16","0,16","0,17","0,18","0,19","0,20","0,21","0,22","1,22","2,22","10,22","11,22","12,22","13,22","14,22","14,21","15,21","16,21","17,21","18,21","19,21","20,21","21,21","22,21","23,21","24,21","24,22","25,22","26,22","26,23","26,24","26,25","26,26","26,27","26,28","27,28","28,28","29,28","29,27","37,25","38,25","38,26","38,28","37,28","36,28","35,28","34,28","33,28","32,28","31,28","30,28","25,28","24,28","24,29","24,30","24,31","24,32","24,33","24,34","23,34","22,34","21,34","20,34","19,34","18,34","17,34","16,34","15,34","14,34","14,33","14,30","14,29","14,28","14,27","15,27","19,22","17,20","17,19","17,18","16,18","15,18","15,17","14,17","14,16","13,16","13,15","13,14","13,13","13,12","13,11","13,10","12,10","11,8","10,8","10,7","9,7","8,7","8,6","8,4","8,3","8,2","9,2","11,7","12,7","13,7","17,7","18,7","19,7","20,7","21,7","22,7","23,7","24,7","25,7","26,7","27,7","28,7","29,7","30,7","31,7","32,7","33,7","34,7","35,7","36,7","37,7","38,7","39,7","39,6","39,5","15,25","14,25","14,20","14,19","15,19","16,17","17,17","18,17","18,16","19,16","19,15","19,14","20,14","21,14","21,13","21,12","21,11","22,11","22,10","23,10","23,9","23,8","24,8","25,6","26,6","27,6","27,5","28,5","29,5","30,5","31,5","32,5","33,5","33,4","34,4","35,4","35,3","35,2","35,1","35,0","35,-1","34,-1","23,0","21,3","21,4","18,8","17,8","16,8","15,8","13,9","12,11","12,12","12,13","12,14","12,15","12,16","11,16","11,17","10,17","8,19","18,12","19,12","19,11","19,10","20,10","20,9","21,9","21,8","22,8","22,6","23,6","24,6","28,6","29,6","30,6","31,6","36,3","37,3","37,2","38,2","39,2","39,1","40,1","41,1","42,1","42,2"],"GrassList":["2,1","34,-3","25,7","0,2","29,28","27,21","0,6","14,7","24,2","21,30","34,28","10,22","24,22","9,15","31,22","17,27","36,22","26,2","16,29","37,7","19,22","14,17","19,34","32,4","32,24","18,28","1,16","36,19","28,17","4,6","29,20","44,7","1,3","13,10","19,14","-1,5","35,17","-1,-2","41,7","22,6","14,21","33,7","-2,2","28,5","29,2","21,23","19,15","28,20","28,28","35,18","29,1","5,6","5,7","17,29","32,23","2,2","19,28","31,21","31,24","15,17","15,7","27,28","29,17","36,18","-2,3","20,14","2,16","20,23","32,3","26,1","33,4","32,7","-2,1","28,1","34,4","20,24","34,7","33,23","20,25","0,16","21,29","22,23","19,29","30,28","14,20","21,24","17,28","13,9","3,6","3,2","28,18","14,19","33,22","18,29","26,0","14,22","42,7","26,7","20,22","25,2","13,8","33,24","23,23","25,6","34,22","41,8","30,22","17,26","28,21","9,16","13,11","13,7","3,5","12,11","0,5","9,17","15,8","24,6","-2,5","22,5","24,1","19,25","3,1","30,1","32,25","18,30","9,22","11,22","31,23","17,25","19,27","16,28","12,22","34,24","1,6","9,14","32,2","0,17","20,34","34,17","25,0","20,26","27,17","19,26","9,13","16,26","30,0","5,5","14,23","-2,0","33,5","38,7","4,7","18,34","26,-1","27,2","31,7","1,7","19,21","1,5","0,-2","0,7","4,5","19,24","18,25","18,31","24,7","3,16","4,1","32,21","42,8","-2,-1","31,25","33,2","36,23","20,27","21,6","37,19","21,34","42,9","30,2","31,20","16,8","19,23","8,22","35,28","14,24","20,6","21,25","13,22","30,7","35,19","27,5","0,3","17,30","18,27","3,7","24,0","22,34","21,27","20,28","19,31","34,21","31,2","37,20","1,17","3,3","4,4","14,8","4,0","6,5","4,3","7,22","6,22","41,6","20,7","31,0","30,6","41,9","34,20","31,-1","31,-2","20,31","28,6","9,18","1,2","2,7","21,26","21,5","28,0"],