{"ArriveFloor":1,"ID":1,"Group":1,"MapBound":{"x":-5,"y":-1,"z":0,"center":{"x":19.0,"y":18.0,"z":0.0},"min":{"x":-5,"y":-1,"z":0,"magnitude":5.09901953,"sqrMagnitude":26},"max":{"x":43,"y":37,"z":0,"magnitude":56.727417,"sqrMagnitude":3218},"xMin":-5,"yMin":-1,"zMin":0,"xMax":43,"yMax":37,"zMax":0,"position":{"x":-5,"y":-1,"z":0,"magnitude":5.09901953,"sqrMagnitude":26},"size":{"x":48,"y":38,"z":0,"magnitude":61.2209129,"sqrMagnitude":3748},"allPositionsWithin":{"Current":{"x":-6,"y":-1,"z":0,"magnitude":6.08276272,"sqrMagnitude":37}}},"Start":{"x":2,"y":3,"magnitude":3.60555124,"sqrMagnitude":13},"Goal":{"x":43,"y":11,"magnitude":44.38468,"sqrMagnitude":1970},"PlayerPosition":{"x":2.0,"y":3.0},"MapList":["0,0","0,1","0,2","0,3","0,4","0,5","1,0","1,1","1,2","1,3","1,4","1,5","2,0","2,1","2,2","2,3","2,4","2,5","3,0","3,1","3,2","3,3","3,4","3,5","4,0","4,1","4,2","4,3","4,4","4,5","5,0","5,1","5,2","5,3","5,4","5,5","6,0","6,1","6,2","6,3","6,4","6,5","7,0","7,1","7,2","7,3","7,4","7,5","8,0","8,1","8,2","8,3","8,4","8,5","9,12","9,13","9,14","9,15","9,16","9,17","10,12","10,13","10,14","10,15","10,16","10,17","11,12","11,13","11,14","11,15","11,16","11,17","12,12","12,13","12,14","12,15","12,16","12,17","13,12","13,13","13,14","13,15","13,16","13,17","14,12","14,13","14,14","14,15","14,16","14,17","15,12","15,13","15,14","15,15","15,16","15,17","16,12","16,13","16,14","16,15","16,16","16,17","-3,19","-3,20","-3,21","-3,22","-3,23","-3,24","-2,19","-2,20","-2,21","-2,22","-2,23","-2,24","-1,19","-1,20","-1,21","-1,22","-1,23","-1,24","0,19","0,20","0,21","0,22","0,23","0,24","1,19","1,20","1,21","1,22","1,23","1,24","2,19","2,20","2,21","2,22","2,23","2,24","24,21","24,22","24,23","24,24","24,25","25,21","25,22","25,23","25,24","25,25","26,21","26,22","26,23","26,24","26,25","27,21","27,22","27,23","27,24","27,25","28,21","28,22","28,23","28,24","28,25","29,21","29,22","29,23","29,24","29,25","30,21","30,22","30,23","30,24","30,25","31,21","31,22","31,23","31,24","31,25","10,31","10,32","10,33","10,34","10,35","11,31","11,32","11,33","11,34","11,35","12,31","12,32","12,33","12,34","12,35","13,31","13,32","13,33","13,34","13,35","14,31","14,32","14,33","14,34","14,35","15,31","15,32","15,33","15,34","15,35","16,31","16,32","16,33","16,34","16,35","17,31","17,32","17,33","17,34","17,35","34,9","34,10","34,11","34,12","34,13","34,14","34,15","35,9","35,10","35,11","35,12","35,13","35,14","35,15","36,9","36,10","36,11","36,12","36,13","36,14","36,15","37,9","37,10","37,11","37,12","37,13","37,14","37,15","38,9","38,10","38,11","38,12","38,13","38,14","38,15","39,9","39,10","39,11","39,12","39,13","39,14","39,15","40,9","40,10","40,11","40,12","40,13","40,14","40,15","41,9","41,10","41,11","41,12","41,13","41,14","41,15","42,9","42,10","42,11","42,12","42,13","42,14","42,15","43,9","43,10","43,11","43,12","43,13","43,14","43,15","29,20","17,14","9,3","-4,19","-4,18","9,32","33,12","39,16","-1,18","43,16","42,16","9,33","43,17","3,-1","6,-1","35,16","23,24","39,8","37,8","41,8","17,12","40,16","8,14","-2,18","2,6","13,30","9,2","7,-1","32,22","8,6","13,11","10,3","30,20","8,16","18,12","9,4","18,33","3,19","8,17","-1,25","18,13","33,22","9,34","32,23","36,16","11,30","-3,25","15,18","35,17","38,16","10,2","10,4","10,5","10,6","10,7","10,8","10,9","10,10","9,10","8,10","7,10","7,11","7,12","7,13","7,14","7,15","7,16","7,17","7,18","7,19","8,19","9,19","10,19","11,19","12,19","13,19","13,18","10,18","6,19","5,19","4,19","4,18","4,17","3,17","2,17","1,17","0,17","-1,17","-2,17","-3,17","-4,17","-5,17","-5,18","-5,19","0,18","14,19","15,19","16,19","17,19","18,19","19,19","20,19","21,19","22,19","23,19","24,19","25,19","26,19","26,20","25,26","25,27","24,27","23,27","22,27","21,27","20,27","19,27","18,27","17,27","16,27","15,27","15,28","14,28","14,29","13,29","12,36","12,37","13,37","14,37","15,37","16,37","17,37","18,37","19,37","20,37","20,36","20,35","21,35","22,35","23,35","23,34","24,34","24,33","24,32","25,32","25,31","25,30","25,29","26,29","27,29","28,29","29,29","30,29","31,29","32,29","33,29","34,29","35,29","36,29","37,29","38,29","38,28","39,28","39,27","39,26","40,26","40,25","40,24","41,24","41,23","41,22","41,21","42,21","42,20","42,19","42,18","42,17","-4,22","-5,22","-5,21","-5,20","-3,16","-2,16","-1,16","0,16","1,16","2,16","3,16","4,16","5,16","6,16","3,24","4,24","4,23","4,22","4,21","4,20","5,18","5,17","5,15","5,14","5,13","5,12","5,11","5,10","5,9","5,8","5,7","5,6"],"GrassList":["37,29","16,14","8,4","10,13","0,24","14,28","-2,19","23,35","35,14","39,13","-5,19","4,19","17,27","10,34","0,23","-2,24","6,1","25,31","-3,23","20,36","24,25","35,9","38,12","29,29","43,16","5,5","4,3","28,24","9,34","11,32","41,23","7,4","38,13","-1,23","34,14","4,20","16,13","3,19","4,5","6,5","34,13","15,28","4,4","37,13","3,3","-3,22","9,33","35,13","41,24","-2,18","6,0","8,5","-5,18","2,19","38,11","-1,24","11,13","34,9","11,33","1,23","34,15","41,22","-2,17","5,6","18,27","-3,19","1,19","8,6","25,30","-3,24","1,20","30,29","-3,21","25,29","39,11","5,0","-2,22","7,5","10,32","11,12","-2,21","-4,22","6,2","16,12","17,14","6,-1","15,13","36,29","5,3","25,32","9,13","14,29","35,10","-1,19","39,10","39,14","10,33","39,9","24,24","9,4","15,12","-3,20","36,14","3,2","7,3","-5,22","14,13","39,8","15,27","40,11","6,3","23,24","34,12","0,22","29,24","40,12","0,21","7,2","25,24","38,29","-5,21","40,24","39,12","28,29","24,32","9,3","22,35","1,24","3,5","41,11","10,12","36,15","16,27","9,32","8,2","7,0","34,10","15,14","43,15","11,34","3,4","24,33","11,14","-2,20","2,20","12,14","9,14","29,25","0,19","-1,21","42,11","23,34","7,1","25,25"],"KeyList":[],"DoorList":[],"ExploredList":["2,3","3,3","4,3","5,3","6,3","7,3","1,3","0,3","2,4","2,5","2,6","2,2","2,1","2,0","5,4","6,4","7,4","0,4","1,4","3,4","4,4","5,2","6,2","7,2","0,2","1,2","3,2","4,2","3,0","3,-1","1,0","6,5","7,5","0,5","1,5","3,5","4,5","5,5","6,1","7,1","0,1","1,1","3,1","4,1","5,1","5,6","6,0","0,0","4,0","5,0","2,3","1,3","2,3"],"ExploredWallList":["-1,3","2,7","2,-1","-1,4","-1,2","3,6","1,6","3,-2","1,-1","-1,5","-1,1","4,-1","0,-1","6,6","-1,6","0,6","4,6","-1,0","5,-1","-1,-1","3,7"],"GuardList":["43,11"],