{"ArriveFloor":1,"MapBound":{"x":-1,"y":-1,"z":0,"center":{"x":10.5,"y":14.5,"z":0.0},"min":{"x":-1,"y":-1,"z":0,"magnitude":1.41421354,"sqrMagnitude":2},"max":{"x":22,"y":30,"z":0,"magnitude":37.2021523,"sqrMagnitude":1384},"xMin":-1,"yMin":-1,"zMin":0,"xMax":22,"yMax":30,"zMax":0,"position":{"x":-1,"y":-1,"z":0,"magnitude":1.41421354,"sqrMagnitude":2},"size":{"x":23,"y":31,"z":0,"magnitude":38.6005173,"sqrMagnitude":1490},"allPositionsWithin":{"Current":{"x":-2,"y":-1,"z":0,"magnitude":2.236068,"sqrMagnitude":5}}},"Start":{"x":4,"y":5,"magnitude":6.40312433,"sqrMagnitude":41},"Goal":{"x":16,"y":28,"magnitude":32.24903,"sqrMagnitude":1040},"PlayerPosition":{"x":2.0,"y":5.0},"DungeonData":{"RoomList":[1],"EventList":[1,2,3],"ID":1,"Floor":1,"LastFloor":0,"NextFloor":2,"RoomAmount":3,"Room_1":1,"Probability_1":1,"Room_2":0,"Probability_2":0,"Room_3":0,"Probability_3":0,"GroundTile":"Ground","WallTile":"Wall","DoorTile":"Door","GrassTile":"Grass","MinEventPoint":0,"MaxEventPoint":0,"Event_1":1,"Event_2":2,"Event_3":3},"MapList":["0,0","0,1","0,2","0,3","0,4","0,5","0,6","0,7","1,0","1,1","1,2","1,3","1,4","1,5","1,6","1,7","2,0","2,1","2,2","2,3","2,4","2,5","2,6","2,7","3,0","3,1","3,2","3,3","3,4","3,5","3,6","3,7","4,0","4,1","4,2","4,3","4,4","4,5","4,6","4,7","5,0","5,1","5,2","5,3","5,4","5,5","5,6","5,7","5,16","5,17","5,18","5,19","5,20","5,21","5,22","5,23","5,24","5,25","6,16","6,17","6,18","6,19","6,20","6,21","6,22","6,23","6,24","6,25","7,16","7,17","7,18","7,19","7,20","7,21","7,22","7,23","7,24","7,25","8,16","8,17","8,18","8,19","8,20","8,21","8,22","8,23","8,24","8,25","9,16","9,17","9,18","9,19","9,20","9,21","9,22","9,23","9,24","9,25","16,23","16,24","16,25","16,26","16,27","16,28","17,23","17,24","17,25","17,26","17,27","17,28","18,23","18,24","18,25","18,26","18,27","18,28","19,23","19,24","19,25","19,26","19,27","19,28","20,23","20,24","20,25","20,26","20,27","20,28","10,18","2,-1","9,26","5,-1","8,15","8,14","6,26","15,24","10,17","9,15","7,26","10,24","6,0","8,26","6,6","11,18","6,5","7,27","4,24","11,17","7,28","16,22","15,25","3,24","11,16","1,-1","10,25","7,15","-1,2","11,19","7,14","2,24","-1,5","17,22","6,7","10,19","11,20","4,19","12,18","5,8","15,28","10,22","11,22","17,21","4,16","14,25","10,16","6,2","6,28","3,16","6,4","7,4","7,5","7,6","7,7","7,8","7,9","7,10","7,11","7,12","7,13","8,13","4,20","3,20","3,21","3,22","3,23","3,25","3,26","3,27","4,27","5,27","6,27","8,27","9,27","10,27","11,27","12,27","13,27","14,27","14,28","14,29","14,30","15,30","16,30","17,30","18,30","19,30","20,30","21,30","22,30","22,29","22,28","22,27","21,27","13,26","13,25","13,24","13,23","13,22","14,22","14,21","15,21","16,21","21,26","22,26","22,25","22,24","22,23","22,22","22,21","21,21","21,20","20,20","19,20","19,19","19,18","18,18","17,18","16,18","15,18","14,18","13,18","11,15","11,14","10,14","9,14","6,14","5,14","4,14","3,14","3,15","3,17","3,18","4,18"],"GrassList":["11,27","3,22","19,23","16,28","1,4","18,28","22,24","9,16","6,20","13,23","19,27","10,22","3,2","11,22","8,16","3,5","10,16","13,22","3,21","9,15","19,28","1,3","18,27","7,16","3,23","3,24","8,15","3,1","12,27","6,21","22,25","19,26","18,23","17,27","4,24","9,17","9,14","7,17","8,17","3,4","10,27","6,19","20,26","19,25","18,26","22,23","5,24","18,25","5,19","15,28","17,28","8,14","8,13","9,27","10,14","2,4","17,25","4,4","18,24","17,23","7,20","8,18","6,24","5,21","2,3","20,28","0,4","3,0","6,18","4,3","5,25","14,28","11,14","2,5","4,0","11,16","16,25","5,4","2,1","22,26","6,16"],"KeyList":[],"DoorList":[],"ExploredList":["4,5","5,5","6,5","7,5","3,5","2,5","1,5","0,5","-1,5","4,6","4,7","4,4","4,3","4,2","4,1","4,0","7,6","1,6","0,6","2,6","3,6","5,6","6,6","7,4","1,4","0,4","2,4","3,4","5,4","6,4","5,8","5,2","5,1","5,0","3,2","3,1","3,0","0,7","1,7","2,7","3,7","5,7","6,7","7,7","0,3","1,3","2,3","3,3","5,3","2,1","2,0","7,8","0,2","1,2","2,2","6,2","1,1","4,5","4,5","5,5","6,5","7,9","7,10","5,5","4,5","3,5","1,0","-1,2","0,1","2,5","0,0"],"ExploredWallList":["8,5","4,8","8,6","-1,6","8,4","-1,4","5,9","3,8","8,7","-1,7","8,3","-1,3","6,3","7,3","6,9","6,1","8,8","0,8","1,8","2,8","6,8","8,9","4,9","-2,5","-1,8","-1,1"],"GuardList":["16,28"],"RoomPositionList":[["0,0","0,1","0,2","0,3","0,4","0,5","0,6","0,7","1,0","1,1","1,2","1,3","1,4","1,5","1,6","1,7","2,0","2,1","2,2","2,3","2,4","2,5","2,6","2,7","3,0","3,1","3,2","3,3","3,4","3,5","3,6","3,7","4,0","4,1","4,2","4,3","4,4","4,5","4,6","4,7","5,0","5,1","5,2","5,3","5,4","5,5","5,6","5,7"],["5,16","5,17","5,18","5,19","5,20","5,21","5,22","5,23","5,24","5,25","6,16","6,17","6,18","6,19","6,20","6,21","6,22","6,23","6,24","6,25","7,16","7,17","7,18","7,19","7,20","7,21","7,22","7,23","7,24","7,25","8,16","8,17","8,18","8,19","8,20","8,21","8,22","8,23","8,24","8,25","9,16","9,17","9,18","9,19","9,20","9,21","9,22","9,23","9,24","9,25"],["16,23","16,24","16,25","16,26","16,27","16,28","17,23","17,24","17,25","17,26","17,27","17,28","18,23","18,24","18,25","18,26","18,27","18,28","19,23","19,24","19,25","19,26","19,27","19,28","20,23","20,24","20,25","20,26","20,27","20,28"]],"MoneyDic":{"3,2":15,"1,4":11,"4,2":14,"3,1":13},"ExploreEventDic":{},"TreasureDic":{"4,3":{"TileName":"Mineral","ItemList":[1001,-10,1001]},"4,4":{"TileName":"Flower","ItemList":[-10]},"19,25":{"TileName":"Mineral","ItemList":[-10]},"17,24":{"TileName":"Tree","ItemList":[-10,1003]}}}