{"ArriveFloor":2,"MapBound":{"x":-2,"y":-2,"z":0,"center":{"x":20.5,"y":18.0,"z":0.0},"min":{"x":-2,"y":-2,"z":0,"magnitude":2.828427,"sqrMagnitude":8},"max":{"x":43,"y":38,"z":0,"magnitude":57.3846664,"sqrMagnitude":3293},"xMin":-2,"yMin":-2,"zMin":0,"xMax":43,"yMax":38,"zMax":0,"position":{"x":-2,"y":-2,"z":0,"magnitude":2.828427,"sqrMagnitude":8},"size":{"x":45,"y":40,"z":0,"magnitude":60.2079735,"sqrMagnitude":3625},"allPositionsWithin":{"Current":{"x":-3,"y":-2,"z":0,"magnitude":3.60555124,"sqrMagnitude":13}}},"Start":{"x":5,"y":4,"magnitude":6.40312433,"sqrMagnitude":41},"Goal":{"x":39,"y":34,"magnitude":51.7397346,"sqrMagnitude":2677},"PlayerPosition":{"x":5.0,"y":4.0},"DungeonData":{"RoomList":[1,1,1,1,3],"EventList":[1,2,3],"ID":2,"Floor":2,"LastFloor":1,"NextFloor":3,"RoomAmount":5,"Room_1":1,"Probability_1":4,"Room_2":3,"Probability_2":1,"Room_3":0,"Probability_3":0,"GroundTile":"Ground","WallTile":"Wall","DoorTile":"Door","GrassTile":"Grass","MinEventPoint":1,"MaxEventPoint":2,"Event_1":1,"Event_2":2,"Event_3":3},"MapList":["0,0","0,1","0,2","0,3","0,4","0,5","0,6","0,7","0,8","0,9","1,0","1,1","1,2","1,3","1,4","1,5","1,6","1,7","1,8","1,9","2,0","2,1","2,2","2,3","2,4","2,5","2,6","2,7","2,8","2,9","3,0","3,1","3,2","3,3","3,4","3,5","3,6","3,7","3,8","3,9","4,0","4,1","4,2","4,3","4,4","4,5","4,6","4,7","4,8","4,9","5,0","5,1","5,2","5,3","5,4","5,5","5,6","5,7","5,8","5,9","16,6","16,7","16,8","16,9","16,10","16,11","17,6","17,7","17,8","17,9","17,10","17,11","18,6","18,7","18,8","18,9","18,10","18,11","19,6","19,7","19,8","19,9","19,10","19,11","20,6","20,7","20,8","20,9","20,10","20,11","21,6","21,7","21,8","21,9","21,10","21,11","22,6","22,7","22,8","22,9","22,10","22,11","23,6","23,7","23,8","23,9","23,10","23,11","0,13","0,14","0,15","0,16","0,17","0,18","0,19","0,20","0,21","1,13","1,14","1,15","1,16","1,17","1,18","1,19","1,20","1,21","2,13","2,14","2,15","2,16","2,17","2,18","2,19","2,20","2,21","3,13","3,14","3,15","3,16","3,17","3,18","3,19","3,20","3,21","4,13","4,14","4,15","4,16","4,17","4,18","4,19","4,20","4,21","5,13","5,14","5,15","5,16","5,17","5,18","5,19","5,20","5,21","21,21","21,22","21,23","21,24","21,25","21,26","22,21","22,22","22,23","22,24","22,25","22,26","23,21","23,22","23,23","23,24","23,25","23,26","24,21","24,22","24,23","24,24","24,25","24,26","25,21","25,22","25,23","25,24","25,25","25,26","26,21","26,22","26,23","26,24","26,25","26,26","27,21","27,22","27,23","27,24","27,25","27,26","28,21","28,22","28,23","28,24","28,25","28,26","29,21","29,22","29,23","29,24","29,25","29,26","35,29","35,30","35,31","35,32","35,33","35,34","35,35","35,36","35,37","35,38","36,29","36,30","36,31","36,32","36,33","36,34","36,35","36,36","36,37","36,38","37,29","37,30","37,31","37,32","37,33","37,34","37,35","37,36","37,37","37,38","38,29","38,30","38,31","38,32","38,33","38,34","38,35","38,36","38,37","38,38","39,29","39,30","39,31","39,32","39,33","39,34","39,35","39,36","39,37","39,38","40,29","40,30","40,31","40,32","40,33","40,34","40,35","40,36","40,37","40,38","41,29","41,30","41,31","41,32","41,33","41,34","41,35","41,36","41,37","41,38","42,29","42,30","42,31","42,32","42,33","42,34","42,35","42,36","42,37","42,38","43,29","43,30","43,31","43,32","43,33","43,34","43,35","43,36","43,37","43,38","6,21","29,20","3,22","5,-1","0,22","1,-1","20,22","34,31","28,27","24,11","24,27","27,20","6,14","21,27","27,19","3,-1","-1,6","-1,16","16,5","-1,20","20,5","42,28","18,5","-1,0","34,38","-1,-1","6,15","20,24","21,12","30,22","28,28","30,23","6,6","15,7","20,23","27,18","37,28","7,6","34,30","24,9","6,1","-1,18","7,21","22,20","24,28","40,28","6,2","-1,15","35,28","28,29","-2,0","-2,-1","-2,-2","-1,-2","0,-2","1,-2","2,-2","3,-2","4,-2","5,-2","6,-2","7,-2","8,-2","8,-1","8,0","9,0","9,1","9,2","10,2","11,2","11,3","12,3","13,3","14,3","15,3","16,3","17,3","18,3","19,3","20,3","21,3","22,3","23,3","24,3","24,4","25,4","25,5","25,6","25,7","25,8","25,9","15,6","14,6","13,6","13,7","12,7","11,7","11,8","11,9","11,10","11,11","11,12","10,12","9,12","8,12","7,12","7,13","6,13","2,22","2,23","3,23","4,23","4,24","4,25","5,25","6,25","6,26","7,26","8,26","9,26","10,26","11,26","12,26","13,26","14,26","15,26","16,26","16,27","17,27","18,27","19,27","19,28","20,28","21,28","22,28","23,28","25,28","25,27","20,25","19,25","19,26","19,29","19,30","19,31","19,32","20,32","21,32","22,32","23,32","24,32","25,32","26,32","26,33","27,33","27,34","28,34","28,35","29,35","30,35","31,35","32,35","33,35","34,35","-2,16","-2,17","-2,18","-2,19","-2,20","-2,21","-2,22","-2,23","-1,23","0,23","1,23","5,23","5,24","6,24","7,24","8,24","9,24","10,24","11,24","12,24","13,24","14,24","15,24","15,25","16,25","17,25","17,26","18,26","20,26","19,24","19,23","19,22","19,21","19,20","18,20","17,20","17,19","17,18","16,18","15,18","14,18","13,18","12,18","11,18","10,18","9,18","8,18","8,17","7,17","6,17"],"GrassList":["34,35","23,10","42,30","19,7","31,35","19,32","7,24","40,37","20,28","18,7","19,24","32,35","17,3","1,8","-1,23","16,7","15,24","24,9","15,3","21,32","23,24","2,17","21,12","40,28","15,18","-2,19","1,-2","23,26","2,20","40,29","27,20","7,26","20,24","19,6","0,-2","22,24","27,19","2,21","27,21","21,11","39,29","1,21","2,16","40,36","30,35","22,25","2,8","2,22","2,-2","24,24","2,9","2,19","8,26","16,6","16,18","25,9","6,26","3,-2","0,23","22,32","18,3","1,16","23,9","3,8","1,-1","25,24","20,6","1,19","27,18","1,20","24,26","3,7","24,27","16,5","2,7","20,5","1,0","15,7","18,6","25,27","1,17","42,29","-2,20","21,25","9,26","19,8","0,8","20,11","3,19","20,23","6,25","0,16","19,31","1,18","8,24","3,20","-2,18","0,21","33,35","22,9","0,20","21,23","23,32","20,8","22,23","25,25","4,-2","19,23","23,11","-2,23","25,23","2,23","21,24","38,29","22,26","0,17","14,24","39,37","3,-1","24,32","2,0","-2,17","2,18","41,37","1,1","16,8","3,9","14,3","18,8","1,2","0,19","-1,16","19,9","38,30","10,26","2,2","-2,16","-2,21","20,7","19,28","22,22","21,8","19,29","20,32","3,2","24,28","-1,18","19,22","3,16","17,7","25,26","42,37","4,9","22,8","25,28","20,25","20,9","26,21","5,9","21,28","38,31"],"KeyList":[],"DoorList":[],"ExploredList":["5,4","4,4","3,4","2,4","1,4","0,4","5,5","5,6","5,7","5,8","5,9","5,3","5,2","5,1","5,0","5,-1","2,5","1,5","0,5","3,5","4,5","2,3","1,3","0,3","3,3","4,3","4,7","4,8","4,9","6,1","4,1","4,0","1,6","0,6","2,6","3,6","4,6","1,2","0,2","2,2","3,2","4,2","6,6","3,8","3,9","6,2","3,0","3,-1","1,7","2,7","3,7","1,1","2,1","3,1","2,8","2,0"],"ExploredWallList":["6,4","6,5","6,3","6,7","6,0","4,-1","7,0"],"GuardList":["39,34"],