{"ArriveFloor":7,"ID":7,"Group":2,"MapBound":{"x":-2,"y":-26,"z":0,"center":{"x":23.5,"y":20.5,"z":0.0},"min":{"x":-2,"y":-26,"z":0,"magnitude":26.0768089,"sqrMagnitude":680},"max":{"x":49,"y":67,"z":0,"magnitude":83.00603,"sqrMagnitude":6890},"xMin":-2,"yMin":-26,"zMin":0,"xMax":49,"yMax":67,"zMax":0,"position":{"x":-2,"y":-26,"z":0,"magnitude":26.0768089,"sqrMagnitude":680},"size":{"x":51,"y":93,"z":0,"magnitude":106.066017,"sqrMagnitude":11250},"allPositionsWithin":{"Current":{"x":-3,"y":-26,"z":0,"magnitude":26.1725044,"sqrMagnitude":685}}},"Start":{"x":6,"y":5,"magnitude":7.81025,"sqrMagnitude":61},"Goal":{"x":33,"y":62,"magnitude":70.23532,"sqrMagnitude":4933},"PlayerPosition":{"x":5.0,"y":1.0},"MapList":["0,0","0,1","0,2","0,3","0,4","0,5","0,6","1,0","1,1","1,2","1,3","1,4","1,5","1,6","2,0","2,1","2,2","2,3","2,4","2,5","2,6","3,0","3,1","3,2","3,3","3,4","3,5","3,6","4,0","4,1","4,2","4,3","4,4","4,5","4,6","5,0","5,1","5,2","5,3","5,4","5,5","5,6","6,0","6,1","6,2","6,3","6,4","6,5","6,6","7,0","7,1","7,2","7,3","7,4","7,5","7,6","8,0","8,1","8,2","8,3","8,4","8,5","8,6","9,0","9,1","9,2","9,3","9,4","9,5","9,6","10,15","10,16","10,17","10,18","10,19","10,20","10,21","10,22","11,15","11,16","11,17","11,18","11,19","11,20","11,21","11,22","12,15","12,16","12,17","12,18","12,19","12,20","12,21","12,22","13,15","13,16","13,17","13,18","13,19","13,20","13,21","13,22","14,15","14,16","14,17","14,18","14,19","14,20","14,21","14,22","15,15","15,16","15,17","15,18","15,19","15,20","15,21","15,22","16,15","16,16","16,17","16,18","16,19","16,20","16,21","16,22","17,15","17,16","17,17","17,18","17,19","17,20","17,21","17,22","18,15","18,16","18,17","18,18","18,19","18,20","18,21","18,22","19,15","19,16","19,17","19,18","19,19","19,20","19,21","19,22","27,22","27,23","27,24","27,25","27,26","27,27","27,28","27,29","28,22","28,23","28,24","28,25","28,26","28,27","28,28","28,29","29,22","29,23","29,24","29,25","29,26","29,27","29,28","29,29","30,22","30,23","30,24","30,25","30,26","30,27","30,28","30,29","31,22","31,23","31,24","31,25","31,26","31,27","31,28","31,29","32,22","32,23","32,24","32,25","32,26","32,27","32,28","32,29","33,22","33,23","33,24","33,25","33,26","33,27","33,28","33,29","34,22","34,23","34,24","34,25","34,26","34,27","34,28","34,29","35,22","35,23","35,24","35,25","35,26","35,27","35,28","35,29","7,30","7,31","7,32","7,33","7,34","7,35","7,36","7,37","7,38","8,38","9,38","9,39","9,40","9,41","9,42","8,42","7,42","7,41","7,40","8,30","9,30","9,31","9,32","10,32","11,32","11,33","11,34","10,34","9,34","9,35","9,36","10,36","11,36","11,37","11,38","12,38","13,38","14,38","15,38","16,38","17,38","17,37","17,36","17,35","17,34","16,34","15,34","14,34","13,34","13,33","13,32","14,32","15,32","15,31","15,30","16,30","17,30","18,30","19,30","19,31","19,32","18,32","17,32","10,40","11,40","11,41","11,42","12,42","13,42","14,42","15,42","15,41","15,40","14,40","13,40","10,30","11,30","12,30","13,30","12,36","13,36","14,36","15,36","18,38","19,38","19,39","19,40","19,41","19,42","18,42","17,42","17,41","17,40","18,36","19,36","19,35","19,34","29,35","29,36","29,37","30,37","31,37","31,36","31,35","32,35","33,35","34,35","35,35","36,35","37,35","37,36","37,37","36,37","35,37","34,37","33,37","33,38","33,39","33,40","33,41","32,41","31,41","31,40","31,39","30,39","29,39","29,40","29,41","29,42","29,43","30,43","31,43","32,43","33,43","34,43","35,43","35,42","35,41","35,40","35,39","36,39","37,39","37,40","37,41","37,42","37,43","5,-24","5,-23","5,-22","6,-22","7,-22","7,-23","7,-24","8,-24","9,-24","9,-23","9,-22","10,-22","11,-22","11,-23","11,-24","12,-24","13,-24","14,-24","15,-24","15,-23","15,-22","15,-21","15,-20","15,-19","15,-18","16,-18","17,-18","17,-19","17,-20","17,-21","17,-22","17,-23","17,-24","5,-21","5,-20","5,-19","5,-18","5,-17","5,-16","6,-16","7,-16","7,-17","7,-18","8,-18","9,-18","9,-19","9,-20","8,-20","7,-20","11,-21","11,-20","12,-20","13,-20","13,-21","13,-22","15,-17","15,-16","14,-16","13,-16","13,-15","13,-14","13,-13","13,-12","14,-12","15,-12","16,-12","17,-12","17,-13","17,-14","17,-15","17,-16","5,-15","5,-14","6,-14","7,-14","7,-13","7,-12","6,-12","5,-12","8,-16","9,-16","9,-15","9,-14","9,-13","9,-12","10,-12","11,-12","11,-13","11,-14","11,-15","11,-16","11,-17","11,-18","12,-18","13,-18","15,-15","15,-14","17,52","17,53","17,54","18,52","18,53","18,54","19,52","19,53","19,54","32,14","32,15","32,16","33,14","33,15","33,16","34,14","34,15","34,16","29,62","29,63","29,64","29,65","29,66","29,67","30,62","30,63","30,64","30,65","30,66","30,67","31,62","31,63","31,64","31,65","31,66","31,67","32,62","32,63","32,64","32,65","32,66","32,67","33,62","33,63","33,64","33,65","33,66","33,67","34,62","34,63","34,64","34,65","34,66","34,67","45,29","45,30","45,31","46,29","46,30","46,31","47,29","47,30","47,31","20,30","36,38","26,29","6,30","6,36","9,22","11,-19","8,-14","6,40","3,-1","8,22","10,-19","16,42","12,-21","19,14","29,30","18,14","17,14","6,35","14,-18","14,35","20,17","8,36","14,33","17,31","18,29","19,29","3,-2","8,-19","12,-25","36,27","12,-23","17,29","34,41","16,-13","12,40","0,7","14,41","28,39","30,42","11,14","-1,5","9,18","26,28","8,39","35,67","19,37","28,30","34,61","7,-25","10,0","11,0","12,0","12,1","12,2","12,3","12,4","13,4","13,5","13,6","13,7","13,8","14,8","14,9","15,9","16,9","17,9","17,10","17,11","17,12","18,12","18,13","9,20","8,20","8,21","8,23","8,24","9,24","10,24","11,24","12,24","13,24","14,24","15,24","16,24","17,24","18,24","19,24","20,24","21,24","22,24","23,24","24,24","25,24","25,23","25,22","25,21","25,20","26,20","27,20","28,20","29,20","30,20","31,20","32,20","33,20","34,20","35,20","36,20","37,20","37,21","37,22","37,23","37,24","37,25","37,26","37,27","36,24","37,28","37,29","37,30","37,31","36,31","35,31","34,31","33,31","32,31","31,31","30,31","29,31","28,31","27,31","26,31","25,31","24,31","23,31","23,30","22,30","22,29","21,29","21,28","20,28","19,28","18,28","17,28","16,28","15,28","14,28","13,28","12,28","11,28","10,28","9,28","9,29","22,28","23,28","23,29","24,29","24,30","25,32","25,33","26,33","27,33","28,33","29,33","30,33","31,33","31,34","28,41","27,41","26,41","26,40","26,39","26,38","26,37","25,37","25,36","25,35","25,34","25,30","25,29","25,28","24,28","24,27","23,27","22,27","22,26","22,25","22,23","21,23","21,22","21,21","21,20","21,19","21,18","21,17","21,16","21,15","21,14","21,13","21,12","21,11","21,10","21,9","21,8","20,8","19,8","19,7","19,6","19,5","19,4","19,3","19,2","19,1","19,0","19,-1","19,-2","19,-3","19,-4","19,-5","19,-6","19,-7","19,-8","19,-9","19,-10","19,-11","19,-12","19,-13","19,-14","19,-15","19,-16","19,-17","19,-18","19,-19","19,-20","19,-21","19,-22","19,-23","19,-24","19,-25","19,-26","18,-26","17,-26","16,-26","15,-26","15,-25","4,-16","3,-16","3,-15","3,-14","3,-13","3,-12","3,-11","3,-10","3,-9","3,-8","4,-8","4,-7","5,-7","5,-6","5,-5","5,-4","6,-4","7,-4","8,-4","9,-4","10,-4","10,-3","11,-3","12,-3","13,-3","14,-3","14,-2","15,-2","15,-1","16,-1","16,0","16,1","16,2","16,3","17,3","18,3","18,4","18,5","18,6","19,9","19,10","19,11","20,11","20,12","22,20","23,20","23,21","24,21","24,22","24,23","24,25","24,26","26,34","26,35","26,36","27,38","27,39","27,40","27,42","27,43","27,44","27,45","27,46","27,47","27,48","27,49","28,49","28,50","29,50","29,51","30,51","30,52","30,53","31,53","32,53","32,54","33,54","33,55","34,55","35,55","35,56","35,57","35,58","35,59","35,60","36,60","36,61","36,62","36,63","35,63","37,34","37,33","36,33","35,33","34,33","33,33","32,33","31,32","30,32","29,32","22,22","22,21","22,19","22,18","22,17","22,16","22,15","22,14","22,13","22,12","22,11","22,10","22,9","22,8","22,7","21,7","21,6","21,5","21,4","21,3","21,2","21,1","20,1","18,1","17,1","15,1","14,1","13,1","13,0","12,-1","11,-1","11,-2","10,-2","9,-2","8,-2","7,-2","6,-2","5,-2","4,-2","2,-2","1,-2","1,-1","33,34","32,32","24,20","23,19","23,18","23,17","20,13","19,13","17,13","16,13","15,13","15,14","18,55","18,56","19,56","20,56",