{"ArriveFloor":12,"ID":1,"Group":1,"MapBound":{"x":-1,"y":-2,"z":0,"center":{"x":25.0,"y":31.5,"z":0.0},"min":{"x":-1,"y":-2,"z":0,"magnitude":2.236068,"sqrMagnitude":5},"max":{"x":51,"y":65,"z":0,"magnitude":82.61961,"sqrMagnitude":6826},"xMin":-1,"yMin":-2,"zMin":0,"xMax":51,"yMax":65,"zMax":0,"position":{"x":-1,"y":-2,"z":0,"magnitude":2.236068,"sqrMagnitude":5},"size":{"x":52,"y":67,"z":0,"magnitude":84.811554,"sqrMagnitude":7193},"allPositionsWithin":{"Current":{"x":-2,"y":-2,"z":0,"magnitude":2.828427,"sqrMagnitude":8}}},"Start":{"x":2,"y":4,"magnitude":4.472136,"sqrMagnitude":20},"Goal":{"x":44,"y":63,"magnitude":76.8439941,"sqrMagnitude":5905},"PlayerPosition":{"x":3.0,"y":4.0},"MapList":["0,0","0,1","0,2","0,3","0,4","0,5","0,6","0,7","1,0","1,1","1,2","1,3","1,4","1,5","1,6","1,7","2,0","2,1","2,2","2,3","2,4","2,5","2,6","2,7","3,0","3,1","3,2","3,3","3,4","3,5","3,6","3,7","4,0","4,1","4,2","4,3","4,4","4,5","4,6","4,7","5,0","5,1","5,2","5,3","5,4","5,5","5,6","5,7","6,0","6,1","6,2","6,3","6,4","6,5","6,6","6,7","7,0","7,1","7,2","7,3","7,4","7,5","7,6","7,7","8,0","8,1","8,2","8,3","8,4","8,5","8,6","8,7","5,15","5,16","5,17","5,18","5,19","5,20","5,21","5,22","6,15","6,16","6,17","6,18","6,19","6,20","6,21","6,22","7,15","7,16","7,17","7,18","7,19","7,20","7,21","7,22","8,15","8,16","8,17","8,18","8,19","8,20","8,21","8,22","9,15","9,16","9,17","9,18","9,19","9,20","9,21","9,22","10,15","10,16","10,17","10,18","10,19","10,20","10,21","10,22","13,33","13,34","13,35","13,36","13,37","13,38","14,33","14,34","14,35","14,36","14,37","14,38","15,33","15,34","15,35","15,36","15,37","15,38","16,33","16,34","16,35","16,36","16,37","16,38","17,33","17,34","17,35","17,36","17,37","17,38","18,33","18,34","18,35","18,36","18,37","18,38","19,33","19,34","19,35","19,36","19,37","19,38","20,33","20,34","20,35","20,36","20,37","20,38","21,33","21,34","21,35","21,36","21,37","21,38","21,47","21,48","21,49","21,50","21,51","21,52","21,53","21,54","21,55","22,47","22,48","22,49","22,50","22,51","22,52","22,53","22,54","22,55","23,47","23,48","23,49","23,50","23,51","23,52","23,53","23,54","23,55","24,47","24,48","24,49","24,50","24,51","24,52","24,53","24,54","24,55","25,47","25,48","25,49","25,50","25,51","25,52","25,53","25,54","25,55","26,47","26,48","26,49","26,50","26,51","26,52","26,53","26,54","26,55","27,47","27,48","27,49","27,50","27,51","27,52","27,53","27,54","27,55","28,47","28,48","28,49","28,50","28,51","28,52","28,53","28,54","28,55","29,47","29,48","29,49","29,50","29,51","29,52","29,53","29,54","29,55","30,47","30,48","30,49","30,50","30,51","30,52","30,53","30,54","30,55","20,21","20,22","20,23","20,24","20,25","20,26","20,27","21,21","21,22","21,23","21,24","21,25","21,26","21,27","22,21","22,22","22,23","22,24","22,25","22,26","22,27","23,21","23,22","23,23","23,24","23,25","23,26","23,27","24,21","24,22","24,23","24,24","24,25","24,26","24,27","25,21","25,22","25,23","25,24","25,25","25,26","25,27","26,21","26,22","26,23","26,24","26,25","26,26","26,27","27,21","27,22","27,23","27,24","27,25","27,26","27,27","28,21","28,22","28,23","28,24","28,25","28,26","28,27","29,21","29,22","29,23","29,24","29,25","29,26","29,27","40,56","40,57","40,58","40,59","40,60","40,61","40,62","40,63","40,64","40,65","41,56","41,57","41,58","41,59","41,60","41,61","41,62","41,63","41,64","41,65","42,56","42,57","42,58","42,59","42,60","42,61","42,62","42,63","42,64","42,65","43,56","43,57","43,58","43,59","43,60","43,61","43,62","43,63","43,64","43,65","44,56","44,57","44,58","44,59","44,60","44,61","44,62","44,63","44,64","44,65","45,56","45,57","45,58","45,59","45,60","45,61","45,62","45,63","45,64","45,65","46,56","46,57","46,58","46,59","46,60","46,61","46,62","46,63","46,64","46,65","47,56","47,57","47,58","47,59","47,60","47,61","47,62","47,63","47,64","47,65","48,56","48,57","48,58","48,59","48,60","48,61","48,62","48,63","48,64","48,65","49,56","49,57","49,58","49,59","49,60","49,61","49,62","49,63","49,64","49,65","10,23","-1,3","20,51","5,8","29,20","19,25","39,64","30,27","19,32","25,56","46,55","23,20","11,19","19,26","25,57","20,28","23,28","20,55","4,19","25,28","24,46","30,23","6,8","22,20","12,36","20,29","4,-1","19,24","44,55","6,9","19,31","9,7","22,28","13,39","11,21","31,27","31,55","39,63","29,19","46,54","1,8","12,39","20,47","15,32","2,8","27,20","23,56","15,39","4,22","26,20","4,8","4,9","4,10","4,11","4,12","4,13","3,13","3,14","3,15","3,16","4,16","4,20","3,20","3,21","3,22","3,23","3,24","4,24","4,25","5,25","6,25","7,25","7,26","7,27","8,27","8,28","8,29","9,29","10,29","11,29","12,29","13,29","13,30","14,30","15,30","16,30","17,30","18,30","19,30","12,37","11,37","11,38","11,39","11,40","12,40","12,41","12,42","12,43","12,44","13,44","13,45","14,45","14,46","14,47","14,48","15,48","16,48","16,49","16,50","16,51","17,51","17,52","17,53","17,54","18,54","19,54","19,55","19,56","19,57","20,57","21,57","22,57","23,57","24,57","26,57","27,57","28,57","28,56","23,46","23,45","23,44","23,43","23,42","23,41","23,40","23,39","23,38","23,37","23,36","23,35","23,34","23,33","23,32","23,31","23,30","23,29","22,29","21,29","19,29","18,29","18,28","18,27","18,26","18,25","18,24","18,23","18,22","18,21","18,20","18,19","19,19","20,19","21,19","22,19","23,19","24,19","25,19","25,20","31,23","31,24","32,24","33,24","34,24","35,24","35,25","35,26","35,27","35,28","35,29","35,30","35,31","35,32","35,33","35,34","35,35","35,36","35,37","36,37","36,38","36,39","36,40","37,40","37,41","38,41","38,42","39,42","40,42","40,43","41,43","41,44","41,45","41,46","42,46","42,47","43,47","44,47","45,47","46,47","46,48","47,48","47,49","47,50","47,51","47,52","48,52","49,52","50,52","50,53","50,54","51,54","51,55","51,56","51,57","51,58","51,59","51,60","51,61","51,62","51,63","51,64","50,64","12,33","11,33","11,34","11,35","11,36","13,40","14,40","15,40","16,40","17,40","17,41","18,41","18,42","18,43","18,44","19,44","20,44","21,44","22,44","24,44","25,44","26,44","27,44","28,44","29,44","30,44","31,44","32,44","32,45","32,46","33,46","34,46","34,47","34,48","35,48","35,49","35,50","35,51","35,52","36,52","37,52","38,52","39,52","40,52","41,52","42,52","43,52","44,52","45,52","45,53","45,54","47,54","48,54","48,55","39,59","38,59","37,59","37,58","37,57","36,57","35,57","34,57","34,56","33,56","33,55","33,54","33,53","33,52","33,51","32,51","32,50","32,49","32,48","32,47","32,43","32,42","31,42","30,42","30,41","29,41","29,40","29,39","28,39","28,38","28,37","27,37","27,36","26,36","26,35","25,35","24,35","24,34","22,30","21,30","17,25","17,24","17,23","17,22","16,22","15,22","15,21","14,21","14,20","13,20","13,19","13,18","13,17","13,16","13,15","12,15","12,14","12,13","12,12","12,11","12,10","11,10","11,9","11,8","11,7","11,6","11,5","11,4","11,3","11,2","11,1","11,0","10,0","10,-1","10,-2","9,-2","8,-2","7,-2","6,-2","5,-2","4,-2","3,-2","2,-2","1,-2","1,-1"],