{"ArriveFloor":12,"ID":1,"Group":1,"MapBound":{"x":-2,"y":0,"z":0,"center":{"x":18.5,"y":34.0,"z":0.0},"min":{"x":-2,"y":0,"z":0,"magnitude":2.0,"sqrMagnitude":4},"max":{"x":39,"y":68,"z":0,"magnitude":78.39005,"sqrMagnitude":6145},"xMin":-2,"yMin":0,"zMin":0,"xMax":39,"yMax":68,"zMax":0,"position":{"x":-2,"y":0,"z":0,"magnitude":2.0,"sqrMagnitude":4},"size":{"x":41,"y":68,"z":0,"magnitude":79.40403,"sqrMagnitude":6305},"allPositionsWithin":{"Current":{"x":-3,"y":0,"z":0,"magnitude":3.0,"sqrMagnitude":9}}},"Start":{"x":1,"y":0,"magnitude":1.0,"sqrMagnitude":1},"Goal":{"x":4,"y":64,"magnitude":64.12488,"sqrMagnitude":4112},"PlayerPosition":{"x":1.0,"y":0.0},"MapList":["0,0","0,1","0,2","0,3","0,4","0,5","0,6","0,7","0,8","0,9","1,0","1,1","1,2","1,3","1,4","1,5","1,6","1,7","1,8","1,9","2,0","2,1","2,2","2,3","2,4","2,5","2,6","2,7","2,8","2,9","3,0","3,1","3,2","3,3","3,4","3,5","3,6","3,7","3,8","3,9","4,0","4,1","4,2","4,3","4,4","4,5","4,6","4,7","4,8","4,9","7,19","7,20","7,21","7,22","7,23","7,24","7,25","7,26","7,27","8,19","8,20","8,21","8,22","8,23","8,24","8,25","8,26","8,27","9,19","9,20","9,21","9,22","9,23","9,24","9,25","9,26","9,27","10,19","10,20","10,21","10,22","10,23","10,24","10,25","10,26","10,27","11,19","11,20","11,21","11,22","11,23","11,24","11,25","11,26","11,27","12,19","12,20","12,21","12,22","12,23","12,24","12,25","12,26","12,27","17,36","17,37","17,38","17,39","17,40","17,41","17,42","17,43","18,36","18,37","18,38","18,39","18,40","18,41","18,42","18,43","19,36","19,37","19,38","19,39","19,40","19,41","19,42","19,43","20,36","20,37","20,38","20,39","20,40","20,41","20,42","20,43","21,36","21,37","21,38","21,39","21,40","21,41","21,42","21,43","22,36","22,37","22,38","22,39","22,40","22,41","22,42","22,43","23,36","23,37","23,38","23,39","23,40","23,41","23,42","23,43","24,36","24,37","24,38","24,39","24,40","24,41","24,42","24,43","25,36","25,37","25,38","25,39","25,40","25,41","25,42","25,43","26,36","26,37","26,38","26,39","26,40","26,41","26,42","26,43","22,52","22,53","22,54","22,55","22,56","22,57","23,52","23,53","23,54","23,55","23,56","23,57","24,52","24,53","24,54","24,55","24,56","24,57","25,52","25,53","25,54","25,55","25,56","25,57","26,52","26,53","26,54","26,55","26,56","26,57","27,52","27,53","27,54","27,55","27,56","27,57","28,52","28,53","28,54","28,55","28,56","28,57","32,43","32,44","32,45","32,46","32,47","32,48","32,49","32,50","32,51","33,43","33,44","33,45","33,46","33,47","33,48","33,49","33,50","33,51","34,43","34,44","34,45","34,46","34,47","34,48","34,49","34,50","34,51","35,43","35,44","35,45","35,46","35,47","35,48","35,49","35,50","35,51","36,43","36,44","36,45","36,46","36,47","36,48","36,49","36,50","36,51","37,43","37,44","37,45","37,46","37,47","37,48","37,49","37,50","37,51","3,59","3,60","3,61","3,62","3,63","3,64","3,65","3,66","4,59","4,60","4,61","4,62","4,63","4,64","4,65","4,66","5,59","5,60","5,61","5,62","5,63","5,64","5,65","5,66","6,59","6,60","6,61","6,62","6,63","6,64","6,65","6,66","7,59","7,60","7,61","7,62","7,63","7,64","7,65","7,66","8,59","8,60","8,61","8,62","8,63","8,64","8,65","8,66","9,59","9,60","9,61","9,62","9,63","9,64","9,65","9,66","10,59","10,60","10,61","10,62","10,63","10,64","10,65","10,66","11,59","11,60","11,61","11,62","11,63","11,64","11,65","11,66","5,3","31,43","27,42","21,35","5,4","2,65","0,10","6,25","5,1","23,35","32,52","18,35","3,10","2,59","28,58","6,27","5,6","31,50","6,21","28,59","21,55","6,58","25,58","29,54","16,39","25,51","20,35","30,54","21,34","12,28","12,63","6,57","6,23","15,39","5,58","13,28","6,56","6,22","29,58","6,20","13,20","16,43","27,59","14,20","-1,0","31,42","0,11","21,52","27,58","24,51","-1,5","-2,5","-2,6","-2,7","-2,8","-2,9","-2,10","-2,11","-1,11","-1,12","-1,13","-1,14","-1,15","0,15","1,15","2,15","3,15","4,15","5,15","6,15","7,15","8,15","9,15","10,15","11,15","12,15","13,15","13,16","13,17","14,17","14,18","14,19","14,21","14,22","14,23","14,24","14,25","14,26","14,27","13,27","5,21","5,22","5,23","5,24","5,25","5,26","5,27","5,28","5,29","6,29","6,30","6,31","6,32","7,32","8,32","9,32","10,32","11,32","12,32","13,32","13,33","14,33","14,34","15,34","16,34","17,34","18,34","19,34","20,34","27,40","28,40","28,41","28,42","28,43","28,44","28,45","28,46","27,46","26,46","25,46","25,47","24,47","24,48","24,49","23,49","22,49","22,50","21,50","20,50","20,51","20,52","20,53","21,53","25,59","26,59","29,59","30,59","30,58","30,57","30,56","30,55","30,53","30,52","30,51","31,51","38,44","39,44","39,45","39,46","39,47","39,48","39,49","39,50","39,51","39,52","39,53","38,53","38,54","37,54","37,55","36,55","35,55","35,56","35,57","34,57","34,58","34,59","33,59","33,60","32,60","32,61","32,62","31,62","30,62","29,62","28,62","28,63","27,63","27,64","27,65","27,66","26,66","25,66","24,66","23,66","22,66","21,66","20,66","19,66","18,66","17,66","16,66","15,66","14,66","14,67","13,67","13,68","12,68","11,68","10,68","10,67","35,52","35,53","34,53","33,53","32,53","31,53","30,50","30,49","29,49","28,49","28,48","28,47","27,47","24,46","23,46","22,46","21,46","20,46","19,46","18,46","17,46","16,46","16,45","15,45","15,44","15,43","15,42","14,42","14,41","14,40","14,39","14,38","14,37","13,37","13,36","13,35","12,35","11,35","11,34","10,34","9,34","9,33","9,31","8,31","7,31","7,30","7,29","4,27","3,27","2,27","2,26","2,25","2,24","2,23","2,22","1,22","0,22","0,21","0,20","0,19","0,18","0,17","0,16","0,14","0,13","0,12","-1,7","29,53","29,48","29,47","26,47","23,47","22,47","21,47","20,47","19,47","18,47","17,47","16,47","15,46","15,41","15,40","15,38","15,37","15,36","14,36","14,35","14,32","14,31","14,30","14,29","14,28","12,17","11,17","10,17","10,18"],"GrassList":["31,62","10,19","20,42","19,39","25,46","3,7","39,53","19,41","37,50","23,52","27,42","4,59","-1,11","15,39","4,9","36,47","29,62","14,28","6,65","1,3","33,50","24,49","37,45","4,1","9,32","7,29","8,15","3,9","5,4","3,4","7,25","9,25","11,21","0,16","15,37","31,42","14,19","29,58","13,27","22,40","3,60","15,38","9,15","37,51","14,37","9,24","7,15","22,39","10,18","23,40","4,8","21,42","12,21","3,6","11,19","3,3","22,41","0,15","32,62","9,33","19,38","0,11","2,4","2,7","1,4","5,1","5,59","37,44","16,39","8,24","2,9","28,58","11,22","13,37","0,14","22,38","-1,12","36,46","20,39","24,52","24,53","23,49","6,59","1,7","35,47","36,51","3,10","4,2","12,20","2,8","2,3","9,23","4,3","9,26","0,4","12,19","3,1","-1,15","25,52","3,2","21,41","8,23","32,50","13,20","6,29","-2,11","32,49","39,52","0,5","24,40","14,29","9,34","6,60","6,15","31,50","30,50","31,43","28,62","10,34","36,45","10,25","20,40","28,42","1,2","38,44","27,58","6,30","4,7","2,5","14,20","33,51","0,17","10,21","20,38","31,51","10,24","5,58","1,1","11,34","36,50","39,51","-1,13","10,26","24,48","6,25","22,42","18,41","35,48","9,27","23,39","35,49","32,51","22,52","32,61","3,5","34,51","6,31","1,15","19,40","10,32","4,4","4,5","7,60","20,41","-2,10","37,46","35,45","0,1","37,49","30,62","15,40","33,49","26,52","36,49","28,63","32,43","6,32","1,9","22,43","2,6","20,43","-2,9","11,24","32,52","28,57","27,57","27,63","8,32","10,15","7,31","1,5","0,2","36,44","27,52","8,31","23,43","5,29","24,46","7,23","-1,14","18,40","32,44","11,20","0,10","10,20"],"KeyList":[],"DoorList":[],"ExploredList":["1,0","2,0","3,0","4,0","0,0","-1,0","1,1","1,2","1,3","1,4","1,5","4,1","5,1","0,1","2,1","3,1","2,3","2,4","2,5","0,3","0,4","0,5","0,2","2,2","3,2","4,2","3,4","3,5","5,3","3,3","4,3","4,4","0,0","1,0"],"ExploredWallList":["5,0","-2,0","1,-1","6,1","-2,1","-1,1","4,-1","-2,-1","-1,-1","0,-1","2,-1","3,-1","5,2","-1,2","-1,4","-1,3"],"GuardList":["4,64"],