{"ArriveFloor":1,"ID":1,"LastFloor":0,"NextFloor":2,"MapBound":{"x":-17,"y":-3,"z":0,"center":{"x":1.0,"y":6.0,"z":0.0},"min":{"x":-17,"y":-3,"z":0,"magnitude":17.2626762,"sqrMagnitude":298},"max":{"x":19,"y":15,"z":0,"magnitude":24.2074375,"sqrMagnitude":586},"xMin":-17,"yMin":-3,"zMin":0,"xMax":19,"yMax":15,"zMax":0,"position":{"x":-17,"y":-3,"z":0,"magnitude":17.2626762,"sqrMagnitude":298},"size":{"x":36,"y":18,"z":0,"magnitude":40.24922,"sqrMagnitude":1620},"allPositionsWithin":{"Current":{"x":-18,"y":-3,"z":0,"magnitude":18.2482872,"sqrMagnitude":333}}},"Start":{"x":2,"y":7,"magnitude":7.28011,"sqrMagnitude":53},"Goal":{"x":-13,"y":11,"magnitude":17.0293865,"sqrMagnitude":290},"PlayerPosition":{"x":-11.0,"y":11.0},"GroundTile":"Ground","DoorTile":"Door","GrassTile":"Grass","WallTile":"Wall","MapList":["0,0","0,1","0,2","0,3","0,4","0,5","0,6","0,7","1,0","1,1","1,2","1,3","1,4","1,5","1,6","1,7","2,0","2,1","2,2","2,3","2,4","2,5","2,6","2,7","3,0","3,1","3,2","3,3","3,4","3,5","3,6","3,7","4,0","4,1","4,2","4,3","4,4","4,5","4,6","4,7","5,0","5,1","5,2","5,3","5,4","5,5","5,6","5,7","6,0","6,1","6,2","6,3","6,4","6,5","6,6","6,7","-15,10","-15,11","-15,12","-15,13","-15,14","-14,10","-14,11","-14,12","-14,13","-14,14","-13,10","-13,11","-13,12","-13,13","-13,14","-12,10","-12,11","-12,12","-12,13","-12,14","-11,10","-11,11","-11,12","-11,13","-11,14","-10,10","-10,11","-10,12","-10,13","-10,14","-9,10","-9,11","-9,12","-9,13","-9,14","-8,10","-8,11","-8,12","-8,13","-8,14","-7,10","-7,11","-7,12","-7,13","-7,14","12,6","12,7","12,8","12,9","12,10","12,11","12,12","12,13","12,14","12,15","13,6","13,7","13,8","13,9","13,10","13,11","13,12","13,13","13,14","13,15","14,6","14,7","14,8","14,9","14,10","14,11","14,12","14,13","14,14","14,15","15,6","15,7","15,8","15,9","15,10","15,11","15,12","15,13","15,14","15,15","16,6","16,7","16,8","16,9","16,10","16,11","16,12","16,13","16,14","16,15","17,6","17,7","17,8","17,9","17,10","17,11","17,12","17,13","17,14","17,15","-1,3","11,9","0,-1","-10,15","-13,9","-16,14","-6,12","-14,15","6,-1","-9,15","11,6","-13,8","7,1","5,8","7,-1","-13,15","-6,11","-5,12","6,8","-16,13","11,13","-16,12","-5,11","7,-2","4,-1","5,-1","11,14","13,5","7,0","-16,15","11,15","-16,11","7,3","-4,12","10,15","8,3","-12,15","2,-1","-4,13","1,-1","-1,-1","-1,-2","17,5","0,8","7,-3","1,-2","-17,12","-14,8","-15,9","-17,14","7,6","8,6","8,7","8,8","8,9","7,9","6,9","5,9","4,9","3,9","2,9","1,9","0,9","-1,9","-2,9","-3,9","-4,9","-4,10","-4,11","-12,8","-11,8","-10,8","-9,8","-8,8","-7,8","-6,8","-5,8","-4,8","-3,8","-2,8","9,9","10,9","10,8","10,7","10,6","18,11","19,11","19,10","19,9","19,8","19,7","19,6","19,5","19,4","18,4","17,4","16,4","15,4","14,4","13,4","12,4","11,4","10,4","9,4","9,5","8,5","4,8","-10,9","8,4","7,4"],"GrassList":["-8,11","15,7","-15,13","13,6","11,15","1,2","-13,13","0,0","4,4","-15,10","14,12","-16,13","-13,11","-12,15","8,5","-11,13","-15,12","8,6","13,5","-14,11","-7,11","-14,12","-12,13","3,4","8,4","-11,14","8,7","-8,12","-11,12","-13,10","1,3","9,4","-8,10","-12,12","15,8","8,8","-15,14","15,9","-15,9","-10,12","-7,12","-7,10","15,10","-6,12","-13,14","3,5","12,6","2,3","12,15","15,12","12,14","10,15","-9,12","13,14","-12,11","0,2","-13,12","-8,13","-14,14","2,4","11,14","-16,12","-10,11","2,2","-13,15","12,7","-14,10","8,3","3,3","-14,13","-15,11","14,11","-7,13","4,3","13,15","2,1","1,0","-8,14","12,13","-12,10","9,5","14,13","-10,13"],"KeyList":[],"DoorList":[],"ExploredList":["2,7","3,7","4,7","5,7","6,7","1,7","0,7","2,6","2,5","2,4","2,3","2,2","5,8","6,8","0,8","4,8","5,6","6,6","7,6","0,6","1,6","3,6","4,6","3,4","3,3","3,2","1,4","1,3","1,2","6,9","7,9","6,5","0,5","1,5","3,5","4,5","5,5","4,3","4,2","0,3","0,2","6,4","0,4","4,4","5,4","5,3","-1,3","2,6","2,1","3,1","1,1","7,4","4,1","0,1","6,3","4,9","0,9","5,2","2,5","2,0","3,0","1,0","7,3","4,0","0,0","6,2","5,9","-1,9","5,1","2,4","2,-1","1,-1","4,-1","0,-1","6,1","5,0","2,5","1,5","0,5","0,4","0,4","0,4","0,4","0,5","0,6","1,9","1,6","2,6","3,6","8,6","8,4","4,6","3,9","8,3","4,5","9,4","8,7","6,0","7,1","4,4","5,-1","6,-1","7,0","4,5","4,6","4,7","8,5","9,5","4,6","4,5","4,4","4,3","7,-1","4,2","7,-2","1,-2","4,1","-1,-1","5,1","6,1","7,-3","6,0","6,-1","6,0","6,1","6,2","6,3","10,4","11,4","10,6","6,4","11,6","7,4","12,4","8,4","13,4","8,8","8,9","12,7","10,7","9,4","14,4","10,4","15,4","13,5","11,4","16,4","12,4","17,4","14,6","15,6","16,7","14,7","15,8","13,4","18,4","13,6","13,7","13,8","13,9","14,8","14,9","12,8","12,9","15,9","12,6","14,4","19,4","17,5","15,4","16,4","19,5","17,4","17,6","17,7","17,8","17,9","16,8","16,9","16,6","18,4","19,4","19,6","19,7","19,8","19,9","18,4","19,4","19,5","19,10","19,6","19,11","19,7","19,8","18,11","19,9","19,10","17,12","16,12","15,13","19,11","17,11","16,11","15,11","14,11","15,12","14,12","16,10","15,10","14,10","14,13","17,10","18,11","13,11","13,12","13,10","13,13","14,14","16,13","16,14","15,15","15,7","17,11","12,11","17,13","17,14","17,15","12,12","12,10","16,15","12,13","13,14","15,14","14,15","16,11","11,13","11,9","12,14","13,15","15,11","10,9","11,14","12,15","14,11","10,8","11,15","13,11","10,15","13,12","13,13","13,14","13,15","14,15","14,14","14,13","14,12","14,11","14,10","9,9","15,10","16,10","16,9","16,8","16,7","16,6","17,6","17,5","17,4","16,4","15,4","14,4","13,4","12,4","11,4","10,4","9,4","8,4","8,3","8,4","7,4","6,4","6,3","6,2","6,1","6,0","7,0","6,0","5,0","4,0","3,0","-1,-2","2,0","1,0","0,0","0,-1","0,0","0,1","0,2","0,3","0,4","0,5","0,6","0,7","0,8","0,9","2,9","-2,9","-3,9","-4,9","-3,8","-4,8","-5,8","-2,8","-1,9","-4,10","-6,8","-2,9","-7,8","-2,8","-4,11","-5,12","-3,8","-8,8","-5,11","-6,12","-4,8","-9,8","-4,12","-4,13","-5,8","-10,8","-6,8","-11,8","-7,8","-12,8","-10,9","-8,8","-13,8","-9,8","-14,8","-11,10","-12,10","-13,11","-10,10","-11,11","-12,12","-10,8","-10,11","-10,12","-10,13","-13,9","-9,11","-9,12","-9,13","-11,12","-11,13","-9,10","-8,12","-8,13","-12,13","-11,8","-8,10","-7,11","-12,8","-15,9","-14,10","-15,10","-16,11","-14,11","-15,12","-11,8","-10,8","-10,9","-10,14","-9,14","-11,14","-8,14","-12,14","-14,12","-8,11","-7,13","-12,11","-13,13","-10,10","-7,10","-13,10","-10,15","-6,11","-15,11","-9,15","-12,15","-7,12","-13,12","-14,13","-7,14","-13,14","-11,10","-16,12","-13,15","-15,13","-14,14","-11,11","-16,13","-15,14","-14,15","-11,11"],"ExploredWallList":["7,7","-1,7","2,8","7,8","-1,8","1,8","3,8","-1,6","7,5","-1,5","-1,4","5,10","-1,10","-1,2","-2,2","-1,1","-2,3","3,-1","7,2","-1,0","0,10","1,10","-2,10","6,10","9,6","4,10","3,10","7,10","9,7","9,3","8,2","8,10","4,-2","5,-2","6,-2","2,-2","8,0","8,1","8,-1","3,-2","8,-2","0,-2","8,-3","7,-4","8,-4","10,5","9,2","10,3","11,5","11,3","11,8","12,5","12,3","14,5","13,3","14,3","15,5","15,3","16,5","16,3","18,5","17,3","20,4","18,3","20,5","19,3","18,6","20,3","18,7","20,6","20,7","20,8","18,8","20,9","18,9","19,12","20,10","18,10","20,11","18,12","20,12","17,16","18,14","16,16","18,13","15,16","11,11","11,12","11,10","18,15","14,16","10,13","13,16","12,16","10,14","11,7","11,16","10,16","10,12","9,16","9,15","18,16","9,8","6,-3","-2,-1","-2,-2","1,-3","2,-3","0,-3","-2,4","-1,-3","-2,0","-2,-3","2,10","-5,9","-3,10","-4,7","-5,10","-5,7","-2,7","-6,7","-3,7","-6,9","-5,13","-7,9","-7,7","-3,11","-8,9","-8,7","-9,9","-9,7","-11,9","-10,7","-11,7","-12,9","-12,7","-15,8","-14,9","-13,7","-14,7","-16,9","-15,7","-6,10","-11,15","-8,15","-6,13","-16,10","-10,16","-12,16","-9,16","-13,16"],"GuardList":[],