{"ArriveFloor":12,"ID":1,"Group":1,"MapBound":{"x":-7,"y":-43,"z":0,"center":{"x":8.5,"y":-16.5,"z":0.0},"min":{"x":-7,"y":-43,"z":0,"magnitude":43.56604,"sqrMagnitude":1898},"max":{"x":24,"y":10,"z":0,"magnitude":26.0,"sqrMagnitude":676},"xMin":-7,"yMin":-43,"zMin":0,"xMax":24,"yMax":10,"zMax":0,"position":{"x":-7,"y":-43,"z":0,"magnitude":43.56604,"sqrMagnitude":1898},"size":{"x":31,"y":53,"z":0,"magnitude":61.4003258,"sqrMagnitude":3770},"allPositionsWithin":{"Current":{"x":-8,"y":-43,"z":0,"magnitude":43.737854,"sqrMagnitude":1913}}},"Start":{"x":2,"y":8,"magnitude":8.246211,"sqrMagnitude":68},"Goal":{"x":8,"y":-39,"magnitude":39.8120575,"sqrMagnitude":1585},"PlayerPosition":{"x":1.0,"y":8.0},"MapList":["0,0","0,1","0,2","0,3","0,4","0,5","0,6","0,7","0,8","1,0","1,1","1,2","1,3","1,4","1,5","1,6","1,7","1,8","2,0","2,1","2,2","2,3","2,4","2,5","2,6","2,7","2,8","3,0","3,1","3,2","3,3","3,4","3,5","3,6","3,7","3,8","4,0","4,1","4,2","4,3","4,4","4,5","4,6","4,7","4,8","5,0","5,1","5,2","5,3","5,4","5,5","5,6","5,7","5,8","6,0","6,1","6,2","6,3","6,4","6,5","6,6","6,7","6,8","7,-20","7,-19","7,-18","7,-17","7,-16","7,-15","7,-14","7,-13","7,-12","7,-11","8,-20","8,-19","8,-18","8,-17","8,-16","8,-15","8,-14","8,-13","8,-12","8,-11","9,-20","9,-19","9,-18","9,-17","9,-16","9,-15","9,-14","9,-13","9,-12","9,-11","10,-20","10,-19","10,-18","10,-17","10,-16","10,-15","10,-14","10,-13","10,-12","10,-11","11,-20","11,-19","11,-18","11,-17","11,-16","11,-15","11,-14","11,-13","11,-12","11,-11","12,-20","12,-19","12,-18","12,-17","12,-16","12,-15","12,-14","12,-13","12,-12","12,-11","13,-20","13,-19","13,-18","13,-17","13,-16","13,-15","13,-14","13,-13","13,-12","13,-11","14,-20","14,-19","14,-18","14,-17","14,-16","14,-15","14,-14","14,-13","14,-12","14,-11","-5,-14","-5,-13","-5,-12","-5,-11","-5,-10","-5,-9","-5,-8","-4,-14","-4,-13","-4,-12","-4,-11","-4,-10","-4,-9","-4,-8","-3,-14","-3,-13","-3,-12","-3,-11","-3,-10","-3,-9","-3,-8","-2,-14","-2,-13","-2,-12","-2,-11","-2,-10","-2,-9","-2,-8","-1,-14","-1,-13","-1,-12","-1,-11","-1,-10","-1,-9","-1,-8","0,-27","0,-26","0,-25","0,-24","0,-23","1,-27","1,-26","1,-25","1,-24","1,-23","2,-27","2,-26","2,-25","2,-24","2,-23","3,-27","3,-26","3,-25","3,-24","3,-23","4,-27","4,-26","4,-25","4,-24","4,-23","15,-34","15,-33","15,-32","15,-31","15,-30","15,-29","15,-28","16,-34","16,-33","16,-32","16,-31","16,-30","16,-29","16,-28","17,-34","17,-33","17,-32","17,-31","17,-30","17,-29","17,-28","18,-34","18,-33","18,-32","18,-31","18,-30","18,-29","18,-28","19,-34","19,-33","19,-32","19,-31","19,-30","19,-29","19,-28","20,-34","20,-33","20,-32","20,-31","20,-30","20,-29","20,-28","21,-34","21,-33","21,-32","21,-31","21,-30","21,-29","21,-28","22,-34","22,-33","22,-32","22,-31","22,-30","22,-29","22,-28","23,-34","23,-33","23,-32","23,-31","23,-30","23,-29","23,-28","24,-34","24,-33","24,-32","24,-31","24,-30","24,-29","24,-28","5,-41","5,-40","5,-39","5,-38","5,-37","5,-36","5,-35","5,-34","5,-33","6,-41","6,-40","6,-39","6,-38","6,-37","6,-36","6,-35","6,-34","6,-33","7,-41","7,-40","7,-39","7,-38","7,-37","7,-36","7,-35","7,-34","7,-33","8,-41","8,-40","8,-39","8,-38","8,-37","8,-36","8,-35","8,-34","8,-33","9,-41","9,-40","9,-39","9,-38","9,-37","9,-36","9,-35","9,-34","9,-33","22,-35","15,-20","-1,8","15,-19","-1,7","17,-27","21,-27","15,-14","8,-21","0,-8","22,-27","5,-26","-1,5","3,-1","4,-36","24,-35","-6,-14","14,-28","-1,4","0,-28","6,-32","-1,-25","7,-32","16,-27","-6,-11","0,-10","-6,-15","22,-36","15,-16","0,-29","-2,5","6,-12","9,-32","-6,-9","3,-22","12,-21","22,-26","18,-35","-2,6","7,0","6,-11","7,7","24,-27","-7,-9","10,-40","13,-21","14,-34","11,-10","6,-19","-7,-14","4,9","4,10","5,10","6,10","7,10","8,10","8,9","8,8","8,7","8,6","8,5","8,4","8,3","8,2","8,1","8,0","8,-1","8,-2","8,-3","8,-4","8,-5","8,-6","8,-7","8,-8","8,-9","8,-10","15,-18","16,-18","16,-17","16,-16","16,-15","16,-14","16,-13","16,-12","16,-11","16,-10","16,-9","15,-9","14,-9","13,-9","12,-9","11,-9","10,-9","9,-9","7,-9","6,-9","5,-9","4,-9","3,-9","3,-10","2,-10","1,-10","0,-9","1,-9","1,-11","1,-12","1,-13","1,-14","1,-15","1,-16","1,-17","1,-18","1,-19","1,-20","1,-21","0,-21","-1,-21","-2,-21","-2,-22","-2,-23","-2,-24","-2,-25","-2,-26","-2,-27","-2,-28","-2,-29","-1,-29","1,-29","2,-29","3,-29","4,-29","5,-29","6,-29","6,-28","6,-27","6,-26","6,-25","6,-24","6,-23","5,-23","7,-26","7,-27","8,-27","8,-28","9,-28","10,-28","10,-29","11,-29","11,-30","11,-31","11,-32","11,-33","11,-34","12,-34","13,-34","13,-35","13,-36","14,-36","15,-36","16,-36","17,-36","18,-36","19,-36","20,-36","20,-35","19,-35","18,-37","18,-38","18,-39","18,-40","17,-40","17,-41","17,-42","16,-42","15,-42","14,-42","13,-42","12,-42","11,-42","11,-43","10,-43","9,-43","8,-43","7,-43","6,-43","6,-42","2,9","2,10","3,10","9,10","10,10","10,9","10,8","10,7","10,6","10,5","11,5","11,4","11,3","12,3","12,2","12,1","12,0","12,-1","12,-2","12,-3","13,-3","13,-4","14,-4","14,-5","14,-6","14,-7","15,-7","15,-8","16,-19","-1,3","-2,3","-2,2","-2,1","-2,0","-2,-1","-2,-2","-2,-3","-1,-3","0,-3","1,-3","1,-4","1,-5","2,-5","2,-6","3,-6","4,-6","4,-7","5,-7","5,-8","6,-8","7,-8","9,-8","10,-8","11,-8","16,-20","16,-21","16,-22","15,-22","14,-22","13,-22"],"GrassList":["12,-12","16,-28","1,-17","4,2","8,-34","15,-18","24,-29","5,-37","5,8","19,-30","15,-34","4,10","23,-31","0,-10","-3,-9","18,-31","6,-40","10,9","6,-41","-7,-14","1,3","9,-36","23,-34","4,1","9,-8","20,-32","13,-34","-1,7","10,-28","-4,-14","8,-41","-5,-12","0,7","3,-23","15,-30","19,-31","-2,-9","19,-29","0,-9","-4,-13","17,-31","-2,-8","-3,-14","23,-33","17,-28","-2,-14","17,-29","15,-33","0,-8","4,3","5,-41","16,-29","7,-34","0,6","-5,-13","1,-18","10,-8","-5,-14","9,-28","-5,-11","20,-30","15,-19","4,0","-2,-13","0,5","0,4","6,-34","1,2","6,-35","14,-34","-1,-14","6,8","16,-30","12,-13","16,-19","16,-18","11,-8","13,-13","0,8","8,-33","1,-19","8,-36","20,-33","9,-37","8,-28","3,-24","24,-33","5,10","5,-36","-1,-13","9,-34","1,4","14,-13","-1,-8","23,-30","1,-20","8,-8","24,-28","13,-12","13,-14","9,-38","16,-31","3,-22","3,-25","1,8","20,-34","21,-34","17,-27","4,-25","18,-29","20,-29","5,-38","18,-28","6,-33","-5,-10","3,0","-4,-12","4,-24","5,-40","3,2","-6,-14","18,-32","9,-39","24,-34","8,-40","22,-30","7,-8","21,-30","7,-9","11,-13","13,-15","21,-33","9,-40","5,7","23,-28","6,-38","3,-26","15,-29","-1,5","2,-25","8,-39","-2,-10","16,-32","-1,4","8,-7","-1,-12","8,-9","3,3","23,-32","4,-26","19,-33","21,-29","13,-35","1,-21","0,3","4,8","4,-27","11,-9","7,-35","-1,-10","8,-35","4,4","13,-36","5,1","-4,-11","7,-39","14,-15","2,-26","20,-28","-6,-11","4,-23","15,-20","9,-33","-6,-15","24,-27"],"KeyList":[],"DoorList":[],"ExploredList":["2,8","3,8","4,8","5,8","6,8","1,8","0,8","-1,8","2,9","2,10","2,7","2,6","2,5","2,4","2,3","4,9","5,7","6,7","7,7","-1,7","0,7","1,7","3,7","4,7","3,5","3,4","3,3","1,5","1,4","1,3","3,10","5,10","6,10","6,6","-2,6","0,6","1,6","3,6","4,6","5,6","4,4","4,3","0,4","0,3","6,5","-1,5","0,5","4,5","5,5","5,4","-1,4","1,8","-1,3","4,10"],"ExploredWallList":["7,8","-2,8","2,11","5,9","-1,9","0,9","1,9","3,9","-2,7","3,11","1,11","1,10","7,6","-3,6","-1,6","4,11","-2,9","5,11","-2,4"],"GuardList":["8,-39"],