{"ArriveFloor":2,"ID":2,"MapBound":{"x":-1,"y":-17,"z":0,"center":{"x":17.5,"y":4.5,"z":0.0},"min":{"x":-1,"y":-17,"z":0,"magnitude":17.0293865,"sqrMagnitude":290},"max":{"x":36,"y":26,"z":0,"magnitude":44.4072075,"sqrMagnitude":1972},"xMin":-1,"yMin":-17,"zMin":0,"xMax":36,"yMax":26,"zMax":0,"position":{"x":-1,"y":-17,"z":0,"magnitude":17.0293865,"sqrMagnitude":290},"size":{"x":37,"y":43,"z":0,"magnitude":56.727417,"sqrMagnitude":3218},"allPositionsWithin":{"Current":{"x":-2,"y":-17,"z":0,"magnitude":17.1172428,"sqrMagnitude":293}}},"Start":{"x":4,"y":4,"magnitude":5.656854,"sqrMagnitude":32},"Goal":{"x":29,"y":22,"magnitude":36.40055,"sqrMagnitude":1325},"PlayerPosition":{"x":4.0,"y":4.0},"MapList":["0,0","0,1","0,2","0,3","0,4","0,5","0,6","0,7","0,8","1,0","1,1","1,2","1,3","1,4","1,5","1,6","1,7","1,8","2,0","2,1","2,2","2,3","2,4","2,5","2,6","2,7","2,8","3,0","3,1","3,2","3,3","3,4","3,5","3,6","3,7","3,8","4,0","4,1","4,2","4,3","4,4","4,5","4,6","4,7","4,8","5,0","5,1","5,2","5,3","5,4","5,5","5,6","5,7","5,8","6,0","6,1","6,2","6,3","6,4","6,5","6,6","6,7","6,8","15,10","15,11","15,12","16,10","16,11","16,12","17,10","17,11","17,12","10,15","10,16","10,17","10,18","10,19","10,20","10,21","10,22","10,23","11,15","11,16","11,17","11,18","11,19","11,20","11,21","11,22","11,23","12,15","12,16","12,17","12,18","12,19","12,20","12,21","12,22","12,23","13,15","13,16","13,17","13,18","13,19","13,20","13,21","13,22","13,23","14,15","14,16","14,17","14,18","14,19","14,20","14,21","14,22","14,23","25,18","25,19","25,20","25,21","25,22","25,23","25,24","26,18","26,19","26,20","26,21","26,22","26,23","26,24","27,18","27,19","27,20","27,21","27,22","27,23","27,24","28,18","28,19","28,20","28,21","28,22","28,23","28,24","29,18","29,19","29,20","29,21","29,22","29,23","29,24","30,18","30,19","30,20","30,21","30,22","30,23","30,24","31,18","31,19","31,20","31,21","31,22","31,23","31,24","32,18","32,19","32,20","32,21","32,22","32,23","32,24","33,18","33,19","33,20","33,21","33,22","33,23","33,24","34,18","34,19","34,20","34,21","34,22","34,23","34,24","8,-11","8,-10","8,-9","9,-11","9,-10","9,-9","10,-11","10,-10","10,-9","-1,23","-1,24","-1,25","0,23","0,24","0,25","1,23","1,24","1,25","22,-3","22,-2","22,-1","23,-3","23,-2","23,-1","24,-3","24,-2","24,-1","28,-15","28,-14","28,-13","29,-15","29,-14","29,-13","30,-15","30,-14","30,-13","7,1","31,25","12,24","29,25","27,17","2,9","2,-1","15,21","9,20","7,4","-1,7","8,20","30,25","9,21","15,19","32,25","34,25","15,17","8,21","11,24","33,25","26,17","5,-1","7,20","7,0","26,16","7,2","29,17","11,14","4,-1","15,23","25,25","8,22","-1,4","2,-2","30,17","1,-1","34,17","7,3","-1,2","31,17","4,-2","6,20","31,16","2,-3","11,25","25,16","13,24","8,1","7,5","8,2","8,3","8,4","8,5","8,6","8,7","8,8","8,9","8,10","8,11","8,12","8,13","8,14","8,15","8,16","8,17","8,18","9,18","12,25","13,25","14,25","15,25","16,25","17,25","18,25","19,25","20,25","21,25","22,25","23,25","23,26","24,26","25,26","26,26","27,26","28,26","29,26","30,26","31,26","32,26","33,26","34,26","35,26","36,26","36,25","36,24","36,23","36,22","36,21","36,20","36,19","35,19","9,15","8,0","8,-1","8,-2","7,-2","6,-2","5,-2","9,3","9,4","9,5","9,6","9,7","9,8","10,8","11,8","12,8","13,8","14,8","15,8","16,8","17,8","18,8","19,8","19,9","19,10","19,11","19,12","19,13","19,14","19,15","19,16","19,17","18,17","17,17","16,17","16,13","16,14","17,14","17,15","18,15","20,15","21,15","22,15","23,15","24,15","25,15","26,15","27,15","28,15","29,15","30,15","30,16","7,-11","6,-11","6,-10","6,-9","6,-8","6,-7","6,-6","6,-5","7,-5","8,-5","8,-4","8,-3","9,17","0,22","0,21","1,21","2,21","3,21","4,21","5,21","6,21","7,21","8,23","8,24","8,25","9,25","10,25","16,24","16,23","16,22","15,22","23,0","23,1","22,1","22,2","22,3","21,3","20,3","20,4","20,5","20,6","19,6","18,6","17,6","16,6","15,6","14,6","14,7","13,7","12,7","11,7","10,7","7,8","29,-16","29,-17","28,-17","27,-17","26,-17","26,-16","26,-15","26,-14","26,-13","25,-13","24,-13","23,-13","22,-13","22,-12","22,-11","22,-10","22,-9","22,-8","22,-7","21,-7","20,-7","19,-7","19,-6","19,-5","19,-4","19,-3","19,-2","19,-1","19,0","19,1","19,2","19,3","19,4","19,5","19,7","18,18","18,19","18,20","18,21","18,22","17,22"],"GrassList":["0,22","11,23","-1,4","8,3","19,25","31,26","31,19","9,-9","36,26","9,15","32,20","22,1","8,16","11,16","34,19","1,23","6,-10","10,21","7,-11","27,21","20,15","5,8","17,25","0,0","18,17","30,16","34,18","5,0","36,25","31,25","23,1","10,16","8,17","11,24","30,15","34,20","32,21","26,21","27,20","32,19","32,22","8,18","9,21","8,-9","12,23","32,25","9,-10","6,0","6,-9","0,1","32,24","9,20","11,25","0,23","4,0","26,20","10,23","9,-11","1,24","35,26","10,-10","32,23","32,26","4,1","11,21","8,-10","10,17","31,18","30,17","4,8","18,25","12,21","-1,23","33,24","28,20","33,25","26,19","8,21","33,26","32,18","4,2","13,21","5,-1","4,3","33,23","10,20","30,19","3,3","30,26","26,18","23,0","3,0","7,21","27,18","10,19","20,25","8,15","7,0","29,20","22,2","25,19","5,2","9,18","5,3","10,15","8,-11","34,25","34,23","6,1","10,25","25,20","16,25","10,22","25,18","28,18","12,16","33,20","1,25","29,26","31,23","19,15","21,25","12,17","3,4","33,19","26,17","10,-9","8,22","28,26","3,5","11,20","10,-11","2,3","34,22","29,17","28,19","3,2","35,19","13,22","30,18","19,16","6,-11","0,24","26,22","11,22","7,3"],"KeyList":["6,5","26,20","6,0","30,24","4,5"],"DoorList":["16,13","7,-11","0,22","23,0","29,-16"],"ExploredList":["4,4","5,4","6,4","7,4","8,4","9,4","3,4","2,4","1,4","0,4","-1,4","4,5","4,6","4,7","4,8","4,3","4,2","4,1","4,0","4,-1","7,5","8,5","9,5","1,5","0,5","2,5","3,5","5,5","6,5","7,3","8,3","9,3","1,3","0,3","2,3","3,3","5,3","6,3","5,7","5,8","3,7","3,8","5,1","5,0","5,-1","3,1","3,0","8,6","9,6","0,6","1,6","2,6","3,6","5,6","6,6","8,2","0,2","-1,2","1,2","2,2","3,2","5,2","6,2","7,2","6,8","2,8","2,9","6,0","2,0","2,-1","0,7","1,7","2,7","6,7","8,1","0,1","1,1","2,1","6,1","7,1","7,8","1,8","7,0","1,0","5,4","8,0","6,4","8,-1","10,7","8,7","9,8","5,4","4,4"],"ExploredWallList":["4,9","-1,5","-1,3","5,9","3,9","3,-1","-1,6","7,6","9,2","6,9","6,-1","7,7","10,4","10,5","10,3","10,6","7,9","7,-1","9,1","10,2","9,0"],"GuardList":["29,22"],"RoomPositionList":[["0,0","0,1","0,2","0,3","0,4","0,5","0,6","0,7","0,8","1,0","1,1","1,2","1,3","1,4","1,5","1,6","1,7","1,8","2,0","2,1","2,2","2,3","2,4","2,5","2,6","2,7","2,8","3,0","3,1","3,2","3,3","3,4","3,5","3,6","3,7","3,8","4,0","4,1","4,2","4,3","4,4","4,5","4,6","4,7","4,8","5,0","5,1","5,2","5,3","5,4","5,5","5,6","5,7","5,8","6,0","6,1","6,2","6,3","6,4","6,5","6,6","6,7","6,8"],["10,15","10,16","10,17","10,18","10,19","10,20","10,21","10,22","10,23","11,15","11,16","11,17","11,18","11,19","11,20","11,21","11,22","11,23","12,15","12,16","12,17","12,18","12,19","12,20","12,21","12,22","12,23","13,15","13,16","13,17","13,18","13,19","13,20","13,21","13,22","13,23","14,15","14,16","14,17","14,18","14,19","14,20","14,21","14,22","14,23"],["25,18","25,19","25,20","25,21","25,22","25,23","25,24","26,18","26,19","26,20","26,21","26,22","26,23","26,24","27,18","27,19","27,20","27,21","27,22","27,23","27,24","28,18","28,19","28,20","28,21","28,22","28,23","28,24","29,18","29,19","29,20","29,21","29,22","29,23","29,24","30,18","30,19","30,20","30,21","30,22","30,23","30,24","31,18","31,19","31,20","31,21","31,22","31,23","31,24","32,18","32,19","32,20","32,21","32,22","32,23","32,24","33,18","33,19","33,20","33,21","33,22","33,23","33,24","34,18","34,19","34,20","34,21","34,22","34,23","34,24"]],"MoneyDic":{"4,7":13,"28,21":13,"29,19":20,"27,22":18},"ExploreEventDic":{"14,21":0,"14,20":1,"34,20":1,"0,6":1,"33,21":1},"TreasureDic":{"2,5":{"TileName":"Flower","ItemList":[2004,1005,2004]},"4,6":{"TileName":"Fruit_Tree","ItemList":[2001,2001]},"12,18":{"TileName":"Flower","ItemList":[2004,2004,1005]},"11,16":{"TileName":"Flower","ItemList":[1004,2004]},"30,19":{"TileName":"Mineral","ItemList":[1002,1001]},"15,10":{"TileName":"Treasure","ItemList":[-20]},