{"ArriveFloor":12,"ID":1,"Group":1,"MapBound":{"x":-2,"y":-15,"z":0,"center":{"x":30.0,"y":0.5,"z":0.0},"min":{"x":-2,"y":-15,"z":0,"magnitude":15.1327457,"sqrMagnitude":229},"max":{"x":62,"y":16,"z":0,"magnitude":64.03124,"sqrMagnitude":4100},"xMin":-2,"yMin":-15,"zMin":0,"xMax":62,"yMax":16,"zMax":0,"position":{"x":-2,"y":-15,"z":0,"magnitude":15.1327457,"sqrMagnitude":229},"size":{"x":64,"y":31,"z":0,"magnitude":71.11259,"sqrMagnitude":5057},"allPositionsWithin":{"Current":{"x":-3,"y":-15,"z":0,"magnitude":15.2970581,"sqrMagnitude":234}}},"Start":{"x":1,"y":4,"magnitude":4.12310553,"sqrMagnitude":17},"Goal":{"x":53,"y":10,"magnitude":53.9351463,"sqrMagnitude":2909},"PlayerPosition":{"x":1.0,"y":4.0},"MapList":["0,0","0,1","0,2","0,3","0,4","1,0","1,1","1,2","1,3","1,4","2,0","2,1","2,2","2,3","2,4","3,0","3,1","3,2","3,3","3,4","4,0","4,1","4,2","4,3","4,4","5,0","5,1","5,2","5,3","5,4","12,7","12,8","12,9","12,10","12,11","12,12","12,13","12,14","13,7","13,8","13,9","13,10","13,11","13,12","13,13","13,14","14,7","14,8","14,9","14,10","14,11","14,12","14,13","14,14","15,7","15,8","15,9","15,10","15,11","15,12","15,13","15,14","16,7","16,8","16,9","16,10","16,11","16,12","16,13","16,14","17,7","17,8","17,9","17,10","17,11","17,12","17,13","17,14","18,7","18,8","18,9","18,10","18,11","18,12","18,13","18,14","19,7","19,8","19,9","19,10","19,11","19,12","19,13","19,14","20,-8","20,-7","20,-6","20,-5","20,-4","20,-3","21,-8","21,-7","21,-6","21,-5","21,-4","21,-3","22,-8","22,-7","22,-6","22,-5","22,-4","22,-3","23,-8","23,-7","23,-6","23,-5","23,-4","23,-3","24,-8","24,-7","24,-6","24,-5","24,-4","24,-3","25,-8","25,-7","25,-6","25,-5","25,-4","25,-3","26,-8","26,-7","26,-6","26,-5","26,-4","26,-3","27,-8","27,-7","27,-6","27,-5","27,-4","27,-3","28,-8","28,-7","28,-6","28,-5","28,-4","28,-3","36,1","36,2","36,3","36,4","36,5","36,6","36,7","36,8","36,9","36,10","37,1","37,2","37,3","37,4","37,5","37,6","37,7","37,8","37,9","37,10","38,1","38,2","38,3","38,4","38,5","38,6","38,7","38,8","38,9","38,10","39,1","39,2","39,3","39,4","39,5","39,6","39,7","39,8","39,9","39,10","40,1","40,2","40,3","40,4","40,5","40,6","40,7","40,8","40,9","40,10","41,1","41,2","41,3","41,4","41,5","41,6","41,7","41,8","41,9","41,10","51,7","51,8","51,9","51,10","51,11","51,12","51,13","51,14","52,7","52,8","52,9","52,10","52,11","52,12","52,13","52,14","53,7","53,8","53,9","53,10","53,11","53,12","53,13","53,14","54,7","54,8","54,9","54,10","54,11","54,12","54,13","54,14","55,7","55,8","55,9","55,10","55,11","55,12","55,13","55,14","56,7","56,8","56,9","56,10","56,11","56,12","56,13","56,14","57,7","57,8","57,9","57,10","57,11","57,12","57,13","57,14","58,7","58,8","58,9","58,10","58,11","58,12","58,13","58,14","59,7","59,8","59,9","59,10","59,11","59,12","59,13","59,14","60,7","60,8","60,9","60,10","60,11","60,12","60,13","60,14","10,-14","10,-13","10,-12","10,-11","10,-10","10,-9","11,-14","11,-13","11,-12","11,-11","11,-10","11,-9","12,-14","12,-13","12,-12","12,-11","12,-10","12,-9","13,-14","13,-13","13,-12","13,-11","13,-10","13,-9","14,-14","14,-13","14,-12","14,-11","14,-10","14,-9","15,-14","15,-13","15,-12","15,-11","15,-10","15,-9","15,-8","42,9","42,4","20,11","36,11","50,12","42,6","55,6","4,5","50,14","9,-13","15,-15","37,0","50,11","41,0","41,11","58,6","55,5","42,11","42,7","41,12","9,-9","14,-15","39,11","40,0","2,-1","-1,0","27,-2","14,6","26,-2","20,10","42,5","16,-14","17,-14","11,12","41,13","-2,0","35,11","12,6","3,5","42,3","5,5","2,-2","35,1","41,-1","5,-1","-1,2","54,5","16,-11","1,-2","3,-1","3,-2","4,-2","5,-2","6,-2","7,-2","8,-2","8,-1","8,0","8,1","9,1","10,1","11,1","11,2","11,3","11,4","12,4","12,5","13,5","14,5","15,5","16,5","17,5","17,6","17,15","17,16","18,16","19,16","20,16","21,16","22,16","23,16","23,15","24,15","25,15","25,14","26,14","26,13","27,13","27,12","28,12","28,11","28,10","28,9","28,8","29,8","29,7","29,6","29,5","29,4","29,3","29,2","29,1","29,0","29,-1","30,-1","30,-2","30,-3","30,-4","29,-4","29,-8","30,-8","30,-7","30,-6","30,-5","31,-5","32,-5","32,-4","33,-4","33,-3","33,-2","34,-2","34,-1","35,-1","36,-1","37,-1","38,-1","39,-1","39,0","42,8","43,8","44,8","45,8","46,8","47,8","48,8","49,8","49,7","49,6","49,5","50,5","51,5","52,5","53,5","56,5","57,5","58,5","59,5","60,5","61,5","62,5","62,6","62,7","62,8","62,9","62,10","62,11","62,12","61,12","49,11","48,11","48,10","47,10","47,9","46,7","46,6","46,5","46,4","46,3","46,2","46,1","46,0","46,-1","46,-2","46,-3","45,-3","45,-4","45,-5","44,-5","43,-5","42,-5","42,-6","42,-7","41,-7","40,-7","39,-7","38,-7","37,-7","37,-8","37,-9","36,-9","35,-9","35,-10","34,-10","33,-10","32,-10","32,-11","31,-11","30,-11","29,-11","28,-11","27,-11","26,-11","25,-11","24,-11","23,-11","22,-11","21,-11","20,-11","19,-11","18,-11","17,-11","9,-11","8,-11","8,-10","8,-9","8,-8","8,-7","8,-6","8,-5","8,-4","8,-3","9,-1","10,-1","11,-1","12,-1","13,-1","14,-1","15,-1","16,-1","17,-1","18,-1","19,-1","20,-1","21,-1","22,-1","23,-1","24,-1","25,-1","26,-1","27,-1","28,-1","31,-1","32,-1","33,-1","40,-1","42,-1","43,-1","43,0","43,1","43,2","43,3","44,3","45,3","47,3","48,3","49,3","50,3","51,3","51,4","52,4","53,4","54,4","56,6","50,9","49,9","48,9","46,9","45,9","44,9","43,9","43,10","43,11","43,12","42,12","40,12","39,12","38,12","37,12","36,12","35,12","34,12","34,11","34,10","34,9","34,8","34,7","34,6","34,5","34,4","35,4"],"GrassList":["25,-1","12,-11","14,-1","19,7","40,8","4,-2","45,-5","5,2","42,4","50,14","17,13","6,-2","19,14","11,-12","26,-5","0,1","28,-7","43,1","14,6","61,5","24,15","3,4","53,5","34,11","10,-11","20,-4","60,12","10,-14","21,-1","58,14","15,-1","18,8","40,7","24,-8","38,6","35,-10","26,-7","29,0","59,12","34,10","38,5","2,4","60,13","42,5","39,6","39,5","25,-8","35,-9","10,-13","7,-2","17,12","28,-6","1,1","60,5","53,4","43,0","17,11","39,4","60,14","40,4","24,-1","34,9","41,5","41,6","52,4","13,-11","26,-8","54,5","41,4","28,-8","20,-3","14,5","27,-7","18,13","58,12","19,8","34,12","36,-9","14,7","16,-1","38,4","37,5","20,-5","15,5","17,8","1,0","26,-6","25,15","21,-4","9,-13","20,-1","40,9","17,14","43,2","38,3","40,6","4,4","25,-6","12,-12","22,-1","58,13","18,14","39,9","41,9","29,-8","13,-1","35,12","17,15","0,2","30,-8","42,6","8,-2","27,-8","26,-4","36,5","9,-11","5,1","58,11","-1,2","8,-11","57,14","12,-1","44,-5","41,8","10,-10","55,5","40,5","37,-9","27,-6","39,8","13,7","29,1","5,-2","27,-4","13,5","24,-6","12,-10","10,-9","9,-9","57,12","34,8","11,-9","61,12","23,-6","22,-4","18,7","16,14","28,-5","22,-5","8,-3","16,13","0,3","18,9","22,-3","57,13","29,-1","34,-10","24,-7","52,5","42,9","11,-13","56,12","28,-1","41,3","58,10","25,-5","4,2","24,-5","14,-11","51,14","22,-6","45,-4","22,-7","19,9","43,-1","16,5","26,-1","17,-1","37,4","38,2","13,-12","55,6","16,11","21,-6","21,-5","28,-4","59,14","52,14","18,12","15,7"],"KeyList":[],"DoorList":[],"ExploredList":["1,4","2,4","3,4","4,4","5,4","0,4","1,3","1,2","1,1","1,0","4,5","5,5","3,5","4,3","5,3","0,3","2,3","3,3","2,1","2,0","2,-1","0,1","0,0","5,2","-1,2","0,2","2,2","3,2","4,2","3,0","3,-1","-1,0","5,1","3,1","4,1","4,0","1,3","2,-2","3,-2","5,0","1,4"],"ExploredWallList":["6,4","-1,4","1,5","1,-1","6,5","-1,5","0,5","2,5","6,3","-1,3","0,-1","5,6","4,6","6,2","-1,-1","-2,2","-2,1","-1,1","6,1","4,-1","-2,-1"],"GuardList":["53,10"],