{"ArriveFloor":2,"MapBound":{"x":-16,"y":-9,"z":0,"center":{"x":5.0,"y":4.0,"z":0.0},"min":{"x":-16,"y":-9,"z":0,"magnitude":18.35756,"sqrMagnitude":337},"max":{"x":26,"y":17,"z":0,"magnitude":31.06445,"sqrMagnitude":965},"xMin":-16,"yMin":-9,"zMin":0,"xMax":26,"yMax":17,"zMax":0,"position":{"x":-16,"y":-9,"z":0,"magnitude":18.35756,"sqrMagnitude":337},"size":{"x":42,"y":26,"z":0,"magnitude":49.3963547,"sqrMagnitude":2440},"allPositionsWithin":{"Current":{"x":-17,"y":-9,"z":0,"magnitude":19.235384,"sqrMagnitude":370}}},"Start":{"x":0,"y":6,"magnitude":6.0,"sqrMagnitude":36},"Goal":{"x":23,"y":-5,"magnitude":23.5372047,"sqrMagnitude":554},"PlayerPosition":{"x":21.0,"y":-5.0},"DungeonData":{"RoomList":[1,1,1,1,3],"EventList":[1,2,3],"ID":2,"Floor":2,"LastFloor":1,"NextFloor":3,"RoomAmount":5,"Room_1":1,"Probability_1":4,"Room_2":3,"Probability_2":1,"Room_3":0,"Probability_3":0,"GroundTile":"Ground","WallTile":"Wall","DoorTile":"Door","GrassTile":"Grass","MinEventPoint":1,"MaxEventPoint":2,"Event_1":1,"Event_2":2,"Event_3":3},"MapList":["0,0","0,1","0,2","0,3","0,4","0,5","0,6","0,7","1,0","1,1","1,2","1,3","1,4","1,5","1,6","1,7","2,0","2,1","2,2","2,3","2,4","2,5","2,6","2,7","3,0","3,1","3,2","3,3","3,4","3,5","3,6","3,7","4,0","4,1","4,2","4,3","4,4","4,5","4,6","4,7","5,0","5,1","5,2","5,3","5,4","5,5","5,6","5,7","-14,10","-14,11","-14,12","-14,13","-14,14","-14,15","-14,16","-14,17","-13,10","-13,11","-13,12","-13,13","-13,14","-13,15","-13,16","-13,17","-12,10","-12,11","-12,12","-12,13","-12,14","-12,15","-12,16","-12,17","-11,10","-11,11","-11,12","-11,13","-11,14","-11,15","-11,16","-11,17","-10,10","-10,11","-10,12","-10,13","-10,14","-10,15","-10,16","-10,17","12,7","12,8","12,9","12,10","12,11","12,12","12,13","12,14","13,7","13,8","13,9","13,10","13,11","13,12","13,13","13,14","14,7","14,8","14,9","14,10","14,11","14,12","14,13","14,14","15,7","15,8","15,9","15,10","15,11","15,12","15,13","15,14","16,7","16,8","16,9","16,10","16,11","16,12","16,13","16,14","17,7","17,8","17,9","17,10","17,11","17,12","17,13","17,14","18,7","18,8","18,9","18,10","18,11","18,12","18,13","18,14","17,-6","17,-5","17,-4","17,-3","17,-2","17,-1","17,0","18,-6","18,-5","18,-4","18,-3","18,-2","18,-1","18,0","19,-6","19,-5","19,-4","19,-3","19,-2","19,-1","19,0","20,-6","20,-5","20,-4","20,-3","20,-2","20,-1","20,0","21,-6","21,-5","21,-4","21,-3","21,-2","21,-1","21,0","22,-6","22,-5","22,-4","22,-3","22,-2","22,-1","22,0","23,-6","23,-5","23,-4","23,-3","23,-2","23,-1","23,0","24,-6","24,-5","24,-4","24,-3","24,-2","24,-1","24,0","-5,-1","-5,0","-5,1","-4,-1","-4,0","-4,1","-3,-1","-3,0","-3,1","18,1","13,15","-12,9","18,2","17,-7","24,1","2,8","-1,1","-15,15","22,-7","16,-4","-1,4","11,8","15,6","-9,16","6,0","22,1","-15,16","3,-1","5,-1","12,15","24,-7","6,7","15,15","-1,3","15,16","20,1","11,9","12,6","-1,7","-1,8","17,1","18,-7","-16,15","17,-8","19,9","0,-1","7,7","23,-7","7,6","-1,9","-8,16","16,15","12,5","23,1","18,-8","-13,9","10,9","17,-9","20,-7","4,-1","4,-2","3,-2","2,-2","1,-2","0,-2","-1,-2","-1,-3","-2,-3","-3,-3","-4,-3","-5,-3","-6,-3","-7,-3","-7,-2","-7,-1","-7,0","-7,1","-7,2","-7,3","-7,4","-7,5","-7,6","-7,7","-7,8","-7,9","-7,10","-7,11","-7,12","-7,13","-8,13","-9,13","-9,17","-8,17","-7,17","-6,17","-5,17","-4,17","-3,17","-3,16","-2,16","-1,16","0,16","1,16","2,16","3,16","4,16","5,16","6,16","7,16","8,16","9,16","10,16","11,16","12,16","13,16","14,16","16,16","17,16","18,16","19,16","20,16","20,15","20,14","19,14","19,8","20,8","20,7","20,6","20,5","20,4","19,4","19,3","19,2","17,2","16,2","15,2","15,1","15,0","15,-1","15,-2","15,-3","15,-4","14,6","14,5","15,5","15,4","16,4","17,4","18,4","21,4","22,4","22,3","23,3","24,3","25,3","25,2","26,2","26,1","26,0","26,-1","26,-2","26,-3","26,-4","26,-5","26,-6","25,-6","14,-4","13,-4","12,-4","11,-4","10,-4","9,-4","9,-3","8,-3","7,-3","6,-3","5,-3","4,-3","3,-3","2,-3","1,-3","0,-3","-8,-1","-9,-1","-9,0","-9,1","-9,2","-9,3","-9,4","-10,4","-11,4","-11,5","-11,6","-11,7","-12,7","-13,7","-14,7","-15,7","-15,8","-16,8","-16,9","-16,10","-15,10","-4,-2","6,-2","7,-2","8,-2","9,-2","10,-2","11,-2","12,-2","13,-2","14,-2","16,0"],"GrassList":["-2,16","17,-6","5,7","9,-3","25,-6","0,16","6,-3","13,16","4,1","9,-4","-7,5","8,16","7,-3","4,5","16,16","2,6","5,-1","-7,11","20,-3","6,0","12,-4","5,16","18,-6","17,16","17,-7","17,-8","-3,16","3,5","12,16","5,0","5,5","9,16","-1,16","3,6","18,-8","4,6","14,16","-7,10","1,6","19,-3","4,-1","19,-6","4,7","3,-1","19,-5","1,7","-7,4","18,-5","24,-6","6,7","4,0","4,4","4,-2","5,1","24,-5","3,1","24,-4","23,-4","13,15","4,3","20,-6","13,14","12,15","19,-4","23,-6","7,-2","19,-2","3,2","7,16","23,-7","18,-4","19,-1","2,1","5,2","20,-2","17,-9","18,-2","18,16","3,7","20,-5","10,-4","5,4","7,7","1,5","-7,9","3,-2","22,-6","13,13","14,14","2,5","18,-7","21,-6","1,16","2,16","6,-2","-7,6","8,-3","5,-3","6,16","18,-1","17,-5","23,-5","2,2","3,3","3,0","3,-3","5,6","20,-1","22,-4","11,-4","8,-2","12,13","1,1","21,-5","1,4","4,16","12,12","17,-2","-7,8","1,3","0,5","2,-3","20,-7","19,0","9,-2","17,-3","10,16","20,-4"],"KeyList":[],"DoorList":[],