{"ArriveFloor":6,"ID":1,"LastFloor":0,"NextFloor":2,"MapBound":{"x":-1,"y":-17,"z":0,"center":{"x":16.5,"y":8.0,"z":0.0},"min":{"x":-1,"y":-17,"z":0,"magnitude":17.0293865,"sqrMagnitude":290},"max":{"x":34,"y":33,"z":0,"magnitude":47.38143,"sqrMagnitude":2245},"xMin":-1,"yMin":-17,"zMin":0,"xMax":34,"yMax":33,"zMax":0,"position":{"x":-1,"y":-17,"z":0,"magnitude":17.0293865,"sqrMagnitude":290},"size":{"x":35,"y":50,"z":0,"magnitude":61.03278,"sqrMagnitude":3725},"allPositionsWithin":{"Current":{"x":-2,"y":-17,"z":0,"magnitude":17.1172428,"sqrMagnitude":293}}},"Start":{"x":0,"y":1,"magnitude":1.0,"sqrMagnitude":1},"Goal":{"x":28,"y":24,"magnitude":36.8781776,"sqrMagnitude":1360},"PlayerPosition":{"x":0.0,"y":1.0},"GroundTile":"Ground","DoorTile":"Door","GrassTile":"Grass","WallTile":"Wall","MapList":["0,0","0,1","0,2","0,3","0,4","1,0","1,1","1,2","1,3","1,4","2,0","2,1","2,2","2,3","2,4","3,0","3,1","3,2","3,3","3,4","4,0","4,1","4,2","4,3","4,4","8,-15","8,-14","8,-13","8,-12","8,-11","9,-15","9,-14","9,-13","9,-12","9,-11","10,-15","10,-14","10,-13","10,-12","10,-11","11,-15","11,-14","11,-13","11,-12","11,-11","12,-15","12,-14","12,-13","12,-12","12,-11","13,-15","13,-14","13,-13","13,-12","13,-11","14,-15","14,-14","14,-13","14,-12","14,-11","15,-15","15,-14","15,-13","15,-12","15,-11","5,11","5,12","5,13","5,14","5,15","6,11","6,12","6,13","6,14","6,15","7,11","7,12","7,13","7,14","7,15","8,11","8,12","8,13","8,14","8,15","9,11","9,12","9,13","9,14","9,15","10,11","10,12","10,13","10,14","10,15","11,11","11,12","11,13","11,14","11,15","12,11","12,12","12,13","12,14","12,15","13,11","13,12","13,13","13,14","13,15","14,11","14,12","14,13","14,14","14,15","25,21","25,22","25,23","25,24","25,25","25,26","26,21","26,22","26,23","26,24","26,25","26,26","27,21","27,22","27,23","27,24","27,25","27,26","28,21","28,22","28,23","28,24","28,25","28,26","29,21","29,22","29,23","29,24","29,25","29,26","30,21","30,22","30,23","30,24","30,25","30,26","31,21","31,22","31,23","31,24","31,25","31,26","32,21","32,22","32,23","32,24","32,25","32,26","14,-2","14,-1","14,0","14,1","14,2","14,3","14,4","15,-2","15,-1","15,0","15,1","15,2","15,3","15,4","16,-2","16,-1","16,0","16,1","16,2","16,3","16,4","17,-2","17,-1","17,0","17,1","17,2","17,3","17,4","18,-2","18,-1","18,0","18,1","18,2","18,3","18,4","19,-2","19,-1","19,0","19,1","19,2","19,3","19,4","20,-2","20,-1","20,0","20,1","20,2","20,3","20,4","21,-2","21,-1","21,0","21,1","21,2","21,3","21,4","10,28","10,29","10,30","10,31","10,32","10,33","11,28","11,29","11,30","11,31","11,32","11,33","12,28","12,29","12,30","12,31","12,32","12,33","13,28","13,29","13,30","13,31","13,32","13,33","14,28","14,29","14,30","14,31","14,32","14,33","15,28","15,29","15,30","15,31","15,32","15,33","16,28","16,29","16,30","16,31","16,32","16,33","17,28","17,29","17,30","17,31","17,32","17,33","18,28","18,29","18,30","18,31","18,32","18,33","19,28","19,29","19,30","19,31","19,32","19,33","20,31","15,-10","20,30","18,-3","13,3","11,-16","16,-11","24,21","24,25","24,23","5,10","27,27","13,-2","14,-3","13,0","26,20","17,5","10,10","15,-16","3,5","14,-4","16,-3","14,-5","4,11","11,-10","9,-10","10,9","17,27","4,15","3,6","11,9","12,27","9,33","15,-3","13,-1","22,0","28,20","5,4","9,29","18,5","15,5","1,-1","14,-10","25,20","20,28","15,-9","5,3","16,27","-1,0","23,25","5,0","6,0","6,-1","6,-2","6,-3","7,-3","7,-4","8,-4","9,-4","9,-5","9,-6","9,-7","10,-7","11,-7","12,-7","13,-7","14,-7","15,-7","16,-7","16,-8","16,-9","17,-9","17,-10","17,-11","17,-12","17,-13","16,-13","7,-12","6,-12","6,-11","6,-10","6,-9","6,-8","6,-7","6,-6","6,-5","6,-4","6,1","6,2","6,3","6,4","6,5","6,6","6,7","6,8","6,9","5,9","4,9","3,9","3,10","3,11","3,12","3,13","3,14","3,15","3,16","3,17","4,17","5,17","6,17","7,17","8,17","9,17","10,17","11,17","12,17","12,16","13,16","13,17","14,17","15,17","16,17","17,17","17,18","17,19","18,19","18,20","19,20","19,21","20,21","20,22","20,23","21,23","21,24","21,25","21,26","22,26","23,26","23,27","23,28","24,28","25,28","26,28","27,28","28,28","29,28","30,28","30,27","33,26","34,26","34,25","34,24","34,23","34,22","34,21","34,20","34,19","33,19","32,19","31,19","31,18","31,17","31,16","30,16","30,15","30,14","29,14","29,13","28,13","28,12","27,12","27,11","27,10","26,10","26,9","26,8","26,7","26,6","26,5","25,5","25,4","25,3","24,3","24,2","24,1","24,0","23,0","16,-4","15,-4","13,-4","12,-4","12,-3","12,-2","12,-1","12,0","12,1","12,2","12,3","12,4","12,5","12,6","12,7","12,8","13,8","13,9","14,9","15,9","16,9","16,10","16,11","16,12","16,13","16,14","16,15","16,16","15,18","15,19","15,20","14,20","14,21","14,22","14,23","14,24","14,25","14,26","14,27","29,20","29,19","28,19","27,19","26,19","25,19","24,19","23,19","23,18","22,18","21,18","20,18","19,18","18,18","16,18","14,18","11,16","12,-16","12,-17","11,-17","10,-17","9,-17","8,-17","7,-17","6,-17","6,-16","6,-15","6,-14","6,-13","7,-2","7,-1","7,0","7,1","7,2","7,3","7,4","7,5","8,5","8,6","8,7","8,8","8,9","8,10"],"GrassList":["16,14","13,17","28,26","12,-3","6,17","27,22","9,-10","9,11","34,24","4,3","26,21","15,3","11,33","9,-15","9,29","4,2","19,20","14,-14","1,2","31,24","9,-11","4,9","14,-5","2,4","6,13","30,24","24,23","17,17","29,28","30,15","14,21","10,32","14,32","13,13","4,1","18,20","28,22","30,25","14,-13","15,-14","9,12","9,13","9,-12","30,28","5,13","1,3","16,15","1,1","1,0","9,-13","5,17","13,16","10,13","10,29","18,19","13,32","3,2","15,4","14,33","8,13","8,-13","15,2","2,1","26,20","10,12","2,2","34,23","29,25","12,-4","10,14","28,23","1,-1","13,31","14,-15","16,16","29,26","14,4","16,17","8,12","15,33","10,-13","10,30","13,30","14,3","10,28","28,24","13,29","8,14","5,3","8,11","12,32","3,1","12,13","12,-2","3,4","10,-15","15,32","11,29","28,25","6,14","15,31","13,3","13,-14","15,-13","26,19","30,16","3,3","16,31","8,-14","8,15","12,14","7,14","12,17","10,-11","0,3","26,22","11,17","12,29","0,4","9,15","28,21","16,3","11,-13","10,31","0,0","17,3","14,31","12,-13","13,15","31,16","17,19","25,19","11,16","8,-12","16,13","12,30","7,13","7,-12","27,23","18,18","11,13","12,16","25,22","17,2","2,3","14,17","14,20","24,19","0,1","16,12","13,-2","11,-11","0,2","6,12","11,-10","28,28","34,25","11,-15","25,20","8,-11","12,33","7,12","16,4","29,24","9,14","12,-1","31,17","6,15","29,22","27,21","27,19"],"KeyList":[],"DoorList":[],"ExploredList":["0,1","1,1","2,1","3,1","4,1","0,2","0,3","0,4","0,0","3,2","4,2","1,2","2,2","3,0","4,0","5,0","-1,0","1,0","2,0","1,4","4,3","5,3","1,3","2,3","3,3","1,-1","4,4","2,4","3,4","3,5","0,1","1,1","6,0","6,3","3,6","5,4","2,1","7,0","6,-1","7,-1","6,4","3,1","7,-2","6,5","2,1","2,2","7,3","7,4","2,3","7,5","3,3","6,2","7,2","8,5","4,3","8,6","6,6","5,3","6,1","6,3","6,7","6,8","6,-2","7,1","6,2","6,-3","7,-3","8,7","6,1","6,-4","7,-4","6,0","6,-5","8,-4","6,-1","6,-6","6,-2","6,-7","9,-4","6,-3","6,-8","9,-5","6,-4","6,-9","6,-5","6,-10","6,-6","6,-11","6,-7","6,-12","6,-8","6,-13","6,-9","6,-14","7,-12","6,-10","6,-15","6,-11","6,-16","8,-12","9,-13","10,-14","8,-13","8,-14","9,-15","6,-12","9,-12","10,-12","11,-12","6,-17","9,-11","10,-11","11,-11","10,-13","11,-13","8,-11","11,-14","6,-11","6,-10","6,-9","6,-8","6,-7","6,-6","6,-5","6,-4","7,-4","8,-4","9,-4","9,-6","9,-7","10,-7","9,-5","9,-6","9,-7","11,-7","12,-7","13,-7","14,-7","10,-7","15,-7","11,-7","16,-7","10,-7","9,-7","9,-6","9,-5","9,-4","8,-4","7,-4","7,-3","7,-2","7,-1","6,-1","6,0","6,-1","6,0","5,0","4,0","3,0","2,0","1,0","0,0","0,1"],