{"ArriveFloor":7,"ID":6,"MapBound":{"x":-4,"y":-1,"z":0,"center":{"x":0.0,"y":5.5,"z":0.0},"min":{"x":-4,"y":-1,"z":0,"magnitude":4.12310553,"sqrMagnitude":17},"max":{"x":4,"y":12,"z":0,"magnitude":12.6491108,"sqrMagnitude":160},"xMin":-4,"yMin":-1,"zMin":0,"xMax":4,"yMax":12,"zMax":0,"position":{"x":-4,"y":-1,"z":0,"magnitude":4.12310553,"sqrMagnitude":17},"size":{"x":8,"y":13,"z":0,"magnitude":15.2643375,"sqrMagnitude":233},"allPositionsWithin":{"Current":{"x":-5,"y":-1,"z":0,"magnitude":5.09901953,"sqrMagnitude":26}}},"Start":{"x":0,"y":0,"magnitude":0.0,"sqrMagnitude":0},"Goal":{"x":0,"y":11,"magnitude":11.0,"sqrMagnitude":121},"PlayerPosition":{"x":0.0,"y":11.0},"MapList":["-4,5","-4,6","-4,7","-4,8","-4,9","-4,10","-4,11","-4,12","-3,5","-3,6","-3,7","-3,8","-3,9","-3,10","-3,11","-3,12","-2,5","-2,6","-2,7","-2,8","-2,9","-2,10","-2,11","-2,12","-1,-1","-1,0","-1,1","-1,5","-1,7","-1,9","-1,11","-1,12","0,-1","0,0","0,1","0,2","0,3","0,4","0,5","0,6","0,7","0,8","0,9","0,10","0,11","0,12","1,-1","1,0","1,1","1,5","1,7","1,9","1,11","1,12","2,5","2,6","2,7","2,8","2,9","2,10","2,11","2,12","3,5","3,6","3,7","3,8","3,9","3,10","3,11","3,12","4,5","4,6","4,7","4,8","4,9","4,10","4,11","4,12"],"GrassList":[],"KeyList":[],"DoorList":[],"ExploredList":["0,0","1,0","-1,0","0,1","0,2","0,3","0,4","0,5","0,-1","-1,1","1,1","-1,-1","1,-1","0,1","0,6","0,2","0,7","1,5","-1,5","0,3","0,8","0,4","0,9","1,7","-1,7","2,6","3,6","4,7","-2,6","-3,6","-4,7","2,7","3,8","-2,7","-3,8","0,4","-2,5","2,5","-3,7","3,7","0,5","3,5","4,5","-3,5","-4,5","0,10","4,6","-4,6","0,6","0,11","1,9","-1,9","2,8","4,9","-2,8","-4,9","2,9","3,10","-2,9","-3,10","0,7","0,12","4,8","-4,8","0,8","1,11","1,12","-1,11","-1,12","2,10","4,11","-2,10","-4,11","2,11","3,12","-2,11","-3,12","0,9","3,9","-3,9","4,10","-4,10","0,10","2,12","-2,12","0,11","3,11","-3,11","4,12","-4,12"],"ExploredWallList":["2,0","-2,0","0,-2","-2,1","2,1","-2,-1","2,-1","1,3","-1,3","-2,2","-1,2","1,2","2,2","-2,-2","-1,-2","1,-2","2,-2","1,4","-1,4","1,6","-1,6","1,8","-1,8","5,5","-5,5","5,6","-5,6","3,4","-3,4","5,7","-5,7","2,4","-2,4","1,10","-1,10","5,8","-5,8","5,9","-5,9","0,13","1,13","-1,13","5,10","-5,10","5,11","-5,11","2,13","-2,13","4,13","-4,13","5,12","-5,12","3,13","-3,13"],"GuardList":["0,11"],"RoomPositionList":[],"MoneyDic":{},"ExploreEventDic":{},"TreasureDic":{}}