{"ArriveFloor":12,"ID":1,"Group":1,"MapBound":{"x":-1,"y":-16,"z":0,"center":{"x":15.5,"y":17.5,"z":0.0},"min":{"x":-1,"y":-16,"z":0,"magnitude":16.03122,"sqrMagnitude":257},"max":{"x":32,"y":51,"z":0,"magnitude":60.2079735,"sqrMagnitude":3625},"xMin":-1,"yMin":-16,"zMin":0,"xMax":32,"yMax":51,"zMax":0,"position":{"x":-1,"y":-16,"z":0,"magnitude":16.03122,"sqrMagnitude":257},"size":{"x":33,"y":67,"z":0,"magnitude":74.68601,"sqrMagnitude":5578},"allPositionsWithin":{"Current":{"x":-2,"y":-16,"z":0,"magnitude":16.1245155,"sqrMagnitude":260}}},"Start":{"x":2,"y":1,"magnitude":2.236068,"sqrMagnitude":5},"Goal":{"x":21,"y":41,"magnitude":46.06517,"sqrMagnitude":2122},"PlayerPosition":{"x":2.0,"y":1.0},"MapList":["0,0","0,1","0,2","0,3","0,4","0,5","1,0","1,1","1,2","1,3","1,4","1,5","2,0","2,1","2,2","2,3","2,4","2,5","3,0","3,1","3,2","3,3","3,4","3,5","4,0","4,1","4,2","4,3","4,4","4,5","5,0","5,1","5,2","5,3","5,4","5,5","6,0","6,1","6,2","6,3","6,4","6,5","17,5","17,6","17,7","17,8","17,9","17,10","18,5","18,6","18,7","18,8","18,9","18,10","19,5","19,6","19,7","19,8","19,9","19,10","20,5","20,6","20,7","20,8","20,9","20,10","21,5","21,6","21,7","21,8","21,9","21,10","22,5","22,6","22,7","22,8","22,9","22,10","23,5","23,6","23,7","23,8","23,9","23,10","24,5","24,6","24,7","24,8","24,9","24,10","25,5","25,6","25,7","25,8","25,9","25,10","26,5","26,6","26,7","26,8","26,9","26,10","24,19","24,20","24,21","24,22","24,23","24,24","25,19","25,20","25,21","25,22","25,23","25,24","26,19","26,20","26,21","26,22","26,23","26,24","27,19","27,20","27,21","27,22","27,23","27,24","28,19","28,20","28,21","28,22","28,23","28,24","10,27","10,28","10,29","10,30","10,31","10,32","10,33","10,34","11,27","11,28","11,29","11,30","11,31","11,32","11,33","11,34","12,27","12,28","12,29","12,30","12,31","12,32","12,33","12,34","13,27","13,28","13,29","13,30","13,31","13,32","13,33","13,34","14,27","14,28","14,29","14,30","14,31","14,32","14,33","14,34","17,40","17,41","17,42","17,43","17,44","17,45","17,46","17,47","17,48","17,49","18,40","18,41","18,42","18,43","18,44","18,45","18,46","18,47","18,48","18,49","19,40","19,41","19,42","19,43","19,44","19,45","19,46","19,47","19,48","19,49","20,40","20,41","20,42","20,43","20,44","20,45","20,46","20,47","20,48","20,49","21,40","21,41","21,42","21,43","21,44","21,45","21,46","21,47","21,48","21,49","22,40","22,41","22,42","22,43","22,44","22,45","22,46","22,47","22,48","22,49","23,40","23,41","23,42","23,43","23,44","23,45","23,46","23,47","23,48","23,49","24,40","24,41","24,42","24,43","24,44","24,45","24,46","24,47","24,48","24,49","22,-15","22,-14","22,-13","22,-12","22,-11","22,-10","22,-9","22,-8","22,-7","22,-6","23,-15","23,-14","23,-13","23,-12","23,-11","23,-10","23,-9","23,-8","23,-7","23,-6","24,-15","24,-14","24,-13","24,-12","24,-11","24,-10","24,-9","24,-8","24,-7","24,-6","25,-15","25,-14","25,-13","25,-12","25,-11","25,-10","25,-9","25,-8","25,-7","25,-6","26,-15","26,-14","26,-13","26,-12","26,-11","26,-10","26,-9","26,-8","26,-7","26,-6","27,-15","27,-14","27,-13","27,-12","27,-11","27,-10","27,-9","27,-8","27,-7","27,-6","28,-15","28,-14","28,-13","28,-12","28,-11","28,-10","28,-9","28,-8","28,-7","28,-6","29,-15","29,-14","29,-13","29,-12","29,-11","29,-10","29,-9","29,-8","29,-7","29,-6","30,-15","30,-14","30,-13","30,-12","30,-11","30,-10","30,-9","30,-8","30,-7","30,-6","22,4","24,4","9,31","23,24","21,-7","16,41","11,26","-1,5","21,-11","25,4","23,20","-1,4","29,23","9,33","23,21","24,3","14,26","29,-16","21,-14","15,26","-1,6","22,20","7,4","14,35","21,-12","23,11","15,28","25,25","16,40","22,11","10,35","29,22","25,-5","28,18","18,11","5,6","16,10","24,25","13,26","16,43","16,5","16,46","19,39","20,4","23,19","8,4","1,6","21,-9","20,-9","15,31","7,3","8,3","9,3","9,4","9,5","10,5","11,5","11,6","11,7","12,7","13,7","14,7","15,7","16,7","15,8","15,9","15,10","15,11","15,12","15,13","15,14","15,15","16,15","17,15","17,16","17,17","17,18","17,19","18,19","18,20","19,20","20,20","20,21","21,21","22,21","22,22","22,23","22,24","22,25","22,26","23,26","24,26","25,26","26,25","26,26","26,27","25,27","24,27","23,27","22,27","22,28","21,28","21,29","21,30","21,31","21,32","21,33","20,33","20,34","20,35","19,35","18,35","17,35","16,35","16,36","15,36","14,36","13,36","13,35","15,33","16,33","16,34","16,37","16,38","15,38","15,39","15,40","15,41","15,42","15,43","23,50","23,51","24,51","25,51","26,51","27,51","27,50","27,49","27,48","28,48","28,47","28,46","28,45","28,44","28,43","28,42","28,41","28,40","28,39","29,39","29,38","29,37","29,36","29,35","29,34","30,34","30,33","30,32","30,31","30,30","30,29","30,28","30,27","30,26","30,25","30,24","30,23","30,22","30,21","30,20","30,19","30,18","30,17","30,16","30,15","30,14","30,13","30,12","30,11","30,10","30,9","30,8","30,7","30,6","30,5","30,4","30,3","30,2","30,1","30,0","30,-1","30,-2","30,-3","30,-4","31,-4","32,-4","32,-5","32,-6","32,-7","32,-8","32,-9","32,-10","31,-10","14,40","13,40","12,40","11,40","10,40","10,39","10,38","9,38","9,37","9,36","8,36","8,35","8,34","8,33","8,32","8,31","8,30","8,29","8,28","8,27","8,26","8,25","8,24","8,23","8,22","8,21","8,20","8,19","8,18","8,17","8,16","8,15","8,14","8,13","8,12","8,11","8,10","8,9","8,8","8,7","8,6","8,5","8,2","8,1","8,0","7,0","20,-14","19,-14","19,-13","18,-13","18,-12","18,-11","17,-11","16,-11","15,-11","14,-11","13,-11","12,-11","11,-11","11,-10","11,-9","11,-8","11,-7","11,-6","11,-5","11,-4","11,-3","11,-2","11,-1","11,0","11,1","11,2","11,3","11,4","11,8","11,9","11,10","11,11","11,12","11,13","11,14","11,15","10,15","9,15","9,16","9,17","9,18","9,19","9,20","9,21","9,22","9,23","9,24","9,25","9,34"],"GrassList":["24,-11","24,46","24,-13","17,10","20,44","13,7","20,33","26,10","18,19","30,-3","8,1","28,-14","12,34","28,46","11,-9","14,36","9,22","11,-3","5,2","11,7","28,-13","20,40","24,41","8,21","29,36","14,34","8,26","12,29","19,42","15,15","18,46","30,-12","32,-7","23,-9","23,40","27,22","22,40","11,5","25,9","25,26","20,41","13,29","8,25","21,40","29,-12","5,3","12,33","21,44","4,3","15,14","15,36","11,-4","27,21","22,-9","17,46","24,-9","6,2","28,-12","17,19","8,22","30,-4","23,-8","24,-14","23,-10","10,5","13,30","28,-15","25,-14","27,-12","13,28","19,46","5,4","18,10","14,7","11,34","19,10","8,0","29,-11","27,23","21,33","8,23","13,36","29,-13","22,-8","9,23","20,45","8,2","28,-11","25,-15","16,46","30,-2","17,45","23,-11","23,-14","29,-10","26,21","32,-8","24,-8","29,-14","12,28","26,9","23,46","6,1","26,-15","28,45","13,35","26,-14","21,32","18,45","25,8","23,-15","23,-12","9,24","17,18","7,0","22,-10","11,-8","29,37","25,25","18,11","16,15","23,45","26,-13","20,42","22,44","26,-12","30,-14","23,-7","18,44","26,25","32,-6","20,34","5,5","19,41","11,6","26,24","25,10","22,-15","5,1","11,-7","25,27","22,43","14,33","24,-12","11,-5","23,-13","17,15","24,-7","18,9","14,35","12,27","26,27","25,-11","15,7","4,2","26,22","6,4","28,23","17,16","11,-10","25,22","12,32","18,20","9,21","25,-12","27,-13","4,5","26,-11","19,20","31,-4","22,-7","15,8","19,45","32,-9","3,3","19,9","27,24","22,-12","26,20","6,3","8,24","16,36","25,-8","27,-14","17,44","21,-9","26,23","18,42","17,9","29,-15","21,-12","20,10","12,31","25,7","29,35","24,10","27,-15","2,3","20,43","15,33"],"KeyList":[],"DoorList":[],"ExploredList":["2,1","3,1","4,1","5,1","6,1","1,1","0,1","2,2","2,3","2,4","2,5","2,0","5,2","6,2","0,2","1,2","3,2","4,2","5,0","6,0","7,0","0,0","1,0","3,0","4,0","3,4","3,5","1,4","1,5","1,6","6,3","7,3","0,3","1,3","3,3","4,3","5,3","4,5","0,5","6,4","-1,4","0,4","4,4","5,4","5,5","-1,5","1,1","-1,6","2,1"],"ExploredWallList":["7,1","-1,1","2,6","2,-1","7,2","-1,2","-1,0","3,6","-1,3","6,-1","-1,-1","0,-1","1,-1","3,-1","4,-1","5,-1","4,6","0,6","-2,5"],"GuardList":["21,41"],