{"ArriveFloor":1,"ID":1,"Group":1,"MapBound":{"x":-1,"y":-12,"z":0,"center":{"x":21.0,"y":11.5,"z":0.0},"min":{"x":-1,"y":-12,"z":0,"magnitude":12.0415945,"sqrMagnitude":145},"max":{"x":43,"y":35,"z":0,"magnitude":55.4436646,"sqrMagnitude":3074},"xMin":-1,"yMin":-12,"zMin":0,"xMax":43,"yMax":35,"zMax":0,"position":{"x":-1,"y":-12,"z":0,"magnitude":12.0415945,"sqrMagnitude":145},"size":{"x":44,"y":47,"z":0,"magnitude":64.3816757,"sqrMagnitude":4145},"allPositionsWithin":{"Current":{"x":-2,"y":-12,"z":0,"magnitude":12.1655254,"sqrMagnitude":148}}},"Start":{"x":2,"y":2,"magnitude":2.828427,"sqrMagnitude":8},"Goal":{"x":38,"y":-2,"magnitude":38.052597,"sqrMagnitude":1448},"PlayerPosition":{"x":2.0,"y":2.0},"MapList":["0,0","0,1","0,2","0,3","0,4","0,5","1,0","1,1","1,2","1,3","1,4","1,5","2,0","2,1","2,2","2,3","2,4","2,5","3,0","3,1","3,2","3,3","3,4","3,5","4,0","4,1","4,2","4,3","4,4","4,5","5,0","5,1","5,2","5,3","5,4","5,5","6,0","6,1","6,2","6,3","6,4","6,5","16,6","16,7","16,8","16,9","16,10","16,11","16,12","17,6","17,7","17,8","17,9","17,10","17,11","17,12","18,6","18,7","18,8","18,9","18,10","18,11","18,12","19,6","19,7","19,8","19,9","19,10","19,11","19,12","20,6","20,7","20,8","20,9","20,10","20,11","20,12","21,6","21,7","21,8","21,9","21,10","21,11","21,12","22,6","22,7","22,8","22,9","22,10","22,11","22,12","23,6","23,7","23,8","23,9","23,10","23,11","23,12","9,14","9,15","9,16","9,17","9,18","9,19","10,14","10,15","10,16","10,17","10,18","10,19","11,14","11,15","11,16","11,17","11,18","11,19","12,14","12,15","12,16","12,17","12,18","12,19","13,14","13,15","13,16","13,17","13,18","13,19","14,14","14,15","14,16","14,17","14,18","14,19","24,-11","24,-10","24,-9","24,-8","24,-7","24,-6","24,-5","24,-4","24,-3","25,-11","25,-10","25,-9","25,-8","25,-7","25,-6","25,-5","25,-4","25,-3","26,-11","26,-10","26,-9","26,-8","26,-7","26,-6","26,-5","26,-4","26,-3","27,-11","27,-10","27,-9","27,-8","27,-7","27,-6","27,-5","27,-4","27,-3","28,-11","28,-10","28,-9","28,-8","28,-7","28,-6","28,-5","28,-4","28,-3","29,-11","29,-10","29,-9","29,-8","29,-7","29,-6","29,-5","29,-4","29,-3","30,-11","30,-10","30,-9","30,-8","30,-7","30,-6","30,-5","30,-4","30,-3","36,-5","36,-4","36,-3","36,-2","36,-1","36,0","36,1","36,2","37,-5","37,-4","37,-3","37,-2","37,-1","37,0","37,1","37,2","38,-5","38,-4","38,-3","38,-2","38,-1","38,0","38,1","38,2","39,-5","39,-4","39,-3","39,-2","39,-1","39,0","39,1","39,2","40,-5","40,-4","40,-3","40,-2","40,-1","40,0","40,1","40,2","41,-5","41,-4","41,-3","41,-2","41,-1","41,0","41,1","41,2","18,28","18,29","18,30","18,31","18,32","18,33","19,28","19,29","19,30","19,31","19,32","19,33","20,28","20,29","20,30","20,31","20,32","20,33","21,28","21,29","21,30","21,31","21,32","21,33","22,28","22,29","22,30","22,31","22,32","22,33","23,28","23,29","23,30","23,31","23,32","23,33","24,28","24,29","24,30","24,31","24,32","24,33","25,28","25,29","25,30","25,31","25,32","25,33","26,28","26,29","26,30","26,31","26,32","26,33","15,19","23,-5","29,-2","18,5","5,6","38,-6","17,5","19,27","10,20","16,5","7,2","29,-1","22,27","40,3","1,6","8,19","18,27","13,13","17,31","13,20","31,-6","15,17","31,-5","18,13","37,3","11,13","31,-3","24,12","25,27","-1,2","8,18","27,-2","16,17","30,-12","15,5","24,-12","16,31","32,-6","17,29","7,5","38,-7","15,8","31,-9","27,-12","19,13","14,13","15,18","40,-6","21,27","32,-7","3,-1","3,-2","4,-2","5,-2","6,-2","7,-2","8,-2","9,-2","10,-2","10,-1","11,-1","12,-1","12,0","13,0","13,1","13,2","14,2","14,3","15,3","16,3","16,4","17,4","19,14","18,14","18,15","17,15","16,15","16,16","16,18","16,19","16,20","16,21","15,21","14,21","13,21","12,21","12,20","11,20","11,21","16,14","17,14","20,14","21,14","22,14","23,14","24,14","25,14","25,13","25,12","25,11","25,10","25,9","25,8","25,7","25,6","25,5","25,4","25,3","25,2","25,1","25,0","25,-1","24,-1","23,-1","22,-1","22,-2","22,-3","22,-4","22,-5","22,-6","22,-7","22,-8","22,-9","23,-9","31,-7","33,-7","34,-7","34,-6","34,-5","35,-5","34,-4","34,-3","34,-2","34,-1","34,0","34,1","34,2","34,3","34,4","34,5","34,6","34,7","34,8","34,9","34,10","34,11","34,12","34,13","34,14","34,15","34,16","34,17","34,18","34,19","34,20","34,21","34,22","34,23","34,24","34,25","33,25","33,26","32,26","32,27","32,28","31,28","30,28","30,29","30,30","29,30","28,30","28,31","28,32","28,33","28,34","28,35","27,35","26,35","25,35","25,34","24,6","26,6","27,6","28,6","29,6","30,6","31,6","32,6","32,5","33,5","35,4","36,4","37,4","38,4","39,4","40,4","41,4","42,4","43,4","43,3","43,2","43,1","43,0","43,-1","43,-2","43,-3","43,-4","42,-4","26,-2","26,-1","26,0","26,1","26,2","26,3","26,4","26,5","15,16"],"GrassList":["24,-3","28,-9","38,-5","19,33","30,-12","27,6","16,11","32,28","26,31","30,-9","25,-5","42,4","22,32","6,4","18,32","22,-6","5,1","30,-4","36,-1","34,14","40,0","19,13","12,14","20,31","11,17","39,4","12,-1","23,7","5,5","23,14","22,28","27,-12","19,14","30,-3","22,-5","5,6","11,16","5,2","40,1","39,-5","26,32","28,-10","25,-6","29,-3","11,-1","31,-9","27,-11","27,-9","28,6","19,31","24,14","26,-9","34,13","23,6","16,10","21,31","23,32","25,-7","22,27","16,9","31,28","4,2","38,-6","6,3","12,0","16,8","22,6","6,1","41,4","26,-5","27,-5","11,18","25,-3","21,28","11,14","24,-6","23,31","25,-8","36,0","25,-4","17,8","21,32","13,0","13,14","18,14","31,-3","21,27","11,15","26,-7","28,-3","6,5","25,31","23,-5","18,31","29,-4","20,32","13,1","20,30","10,17","13,15","10,16","20,29","9,17","4,1","37,-1","17,11","11,13","23,8","19,32","29,-9","38,-4","24,-8","20,33","4,5","17,14","18,30","12,16","40,-1","40,-2","19,12","27,-3","24,31","10,18","18,29","24,-7","26,6","18,12","40,-5","4,4","10,14","13,13","22,-4","28,-5","28,-11","18,15","27,-7","3,4","13,2","40,2","22,7","20,28","18,13","20,12","39,0","40,4","22,14","37,-2","29,-10","18,11","6,0","39,-1","29,-8","41,-2","32,27","5,0","22,-3","30,-11","6,2","24,30","27,-2","37,0"],"KeyList":[],"DoorList":[],"ExploredList":["2,2","3,2","4,2","5,2","6,2","7,2","1,2","0,2","-1,2","2,3","2,4","2,5","2,1","2,0","5,3","6,3","0,3","1,3","3,3","4,3","5,1","6,1","0,1","1,1","3,1","4,1","3,5","1,5","1,6","3,-1","3,-2","6,4","0,4","1,4","3,4","4,4","5,4","6,0","0,0","1,0","3,0","4,0","5,0","4,-2","6,5","0,5","4,5","5,5","5,6","3,2","7,5","2,2"],"ExploredWallList":["-2,2","2,6","2,-1","7,3","-1,3","7,1","-1,1","3,6","1,7","3,-3","1,-1","7,4","-1,4","7,0","-1,0","4,6","0,6","4,-3","-1,5","6,-1","-1,-1","0,-1","4,-1","5,-1","-1,6","8,2","5,7","7,-1","6,6"],"GuardList":["38,-2"],