{"ArriveFloor":12,"ID":6,"Group":0,"MapBound":{"x":-4,"y":-1,"z":0,"center":{"x":0.0,"y":18.0,"z":0.0},"min":{"x":-4,"y":-1,"z":0,"magnitude":4.12310553,"sqrMagnitude":17},"max":{"x":4,"y":37,"z":0,"magnitude":37.2155876,"sqrMagnitude":1385},"xMin":-4,"yMin":-1,"zMin":0,"xMax":4,"yMax":37,"zMax":0,"position":{"x":-4,"y":-1,"z":0,"magnitude":4.12310553,"sqrMagnitude":17},"size":{"x":8,"y":38,"z":0,"magnitude":38.8329773,"sqrMagnitude":1508},"allPositionsWithin":{"Current":{"x":-5,"y":-1,"z":0,"magnitude":5.09901953,"sqrMagnitude":26}}},"Start":{"x":0,"y":0,"magnitude":0.0,"sqrMagnitude":0},"Goal":{"x":0,"y":32,"magnitude":32.0,"sqrMagnitude":1024},"PlayerPosition":{"x":0.0,"y":32.0},"MapList":["-4,14","-4,15","-4,16","-4,17","-4,18","-4,19","-4,20","-3,14","-3,20","-2,14","-2,20","-2,28","-2,29","-2,30","-2,31","-2,32","-2,33","-2,34","-2,35","-2,36","-2,37","-1,-1","-1,0","-1,1","-1,14","-1,20","-1,28","-1,29","-1,30","-1,31","-1,32","-1,33","-1,37","0,-1","0,0","0,1","0,2","0,3","0,4","0,5","0,6","0,7","0,8","0,14","0,20","0,21","0,22","0,23","0,24","0,25","0,26","0,27","0,28","0,29","0,30","0,31","0,32","0,33","0,37","1,-1","1,0","1,1","1,8","1,14","1,28","1,29","1,30","1,31","1,32","1,33","1,37","2,8","2,14","2,28","2,29","2,30","2,31","2,32","2,33","2,34","2,35","2,36","2,37","3,8","3,14","4,8","4,9","4,10","4,11","4,12","4,13","4,14"],"GrassList":[],"KeyList":[],"DoorList":[],"ExploredList":["0,0","1,0","-1,0","0,1","0,2","0,3","0,4","0,5","0,-1","-1,1","1,1","-1,-1","1,-1","0,0","0,1","0,6","0,2","0,7","0,3","0,8","0,4","0,5","1,8","0,6","0,7","2,8","0,8","3,8","4,8","1,8","4,9","2,8","3,8","4,10","4,8","4,11","4,12","4,13","3,8","4,8","4,9","4,14","4,10","4,11","3,14","4,12","4,13","2,14","4,14","1,14","0,14","-1,14","3,14","-2,14","2,14","-3,14","1,14","-4,14","0,14","-1,14","-4,15","-2,14","-3,14","-4,16","-4,14","-4,17","-4,18","-4,19","-4,15","-4,20","-4,16","-4,17","-3,20","-4,18","-4,19","-2,20","-4,20","-1,20","0,20","-3,20","0,21","-2,20","-1,20","0,22","0,20","0,23","0,24","0,25","0,21","0,26","0,22","0,27","0,23","0,28","0,24","0,29","0,25","0,30","1,28","1,29","1,30","-1,28","-1,29","-1,30","0,26","0,31","1,31","-1,31","2,30","2,31","-2,30","-2,31","0,27","0,32","1,32","-1,32","2,32","-2,32","2,28","-2,28","2,29","-2,29","0,28","0,33","1,33","-1,33","2,33","-2,33","0,29","2,34","-2,34","0,30","2,35","-2,35","0,31","0,32","0,33","0,32"],"ExploredWallList":["2,0","-2,0","0,-2","-2,1","2,1","-2,-1","2,-1","1,3","-1,3","-2,2","-1,2","1,2","2,2","-2,-2","-1,-2","1,-2","2,-2","1,4","-1,4","1,5","-1,5","1,6","-1,6","0,9","1,7","-1,7","1,9","-1,8","-1,9","3,9","2,9","5,8","3,7","2,7","5,9","4,7","5,7","5,10","5,11","3,11","3,10","5,12","3,12","4,15","5,13","3,13","5,14","3,15","5,15","1,15","2,15","1,13","2,13","0,15","0,13","-1,15","-1,13","-2,15","-2,13","-5,14","-3,15","-3,13","-5,15","-4,13","-5,13","-5,16","-5,17","-3,17","-3,16","-3,18","-5,18","-4,21","-3,19","-5,19","-3,21","-5,20","-5,21","-1,21","-2,21","1,20","-1,19","-2,19","1,21","0,19","1,19","1,22","1,23","-1,23","-1,22","1,24","-1,24","1,25","-1,25","1,26","-1,26","1,27","-1,27","3,29","-3,29","3,31","-3,31","3,28","-3,28","3,27","-3,27","2,27","-2,27","3,30","-3,30","3,32","-3,32","0,34","1,34","-1,34","3,33","-3,33","3,34","-3,34","3,35","-3,35","3,36","-3,36"],"GuardList":["0,32"],"RoomPositionList":[],"MoneyDic":{},"ExploreEventDic":{},"TreasureDic":{}}