{"ArriveFloor":18,"ID":1,"Group":1,"MapBound":{"x":-1,"y":-30,"z":0,"center":{"x":14.5,"y":-5.5,"z":0.0},"min":{"x":-1,"y":-30,"z":0,"magnitude":30.0166626,"sqrMagnitude":901},"max":{"x":30,"y":19,"z":0,"magnitude":35.5105629,"sqrMagnitude":1261},"xMin":-1,"yMin":-30,"zMin":0,"xMax":30,"yMax":19,"zMax":0,"position":{"x":-1,"y":-30,"z":0,"magnitude":30.0166626,"sqrMagnitude":901},"size":{"x":31,"y":49,"z":0,"magnitude":57.9827576,"sqrMagnitude":3362},"allPositionsWithin":{"Current":{"x":-2,"y":-30,"z":0,"magnitude":30.0665932,"sqrMagnitude":904}}},"Start":{"x":1,"y":2,"magnitude":2.236068,"sqrMagnitude":5},"Goal":{"x":14,"y":-26,"magnitude":29.5296459,"sqrMagnitude":872},"PlayerPosition":{"x":2.0,"y":2.0},"MapList":["0,0","0,1","0,2","0,3","0,4","1,0","1,1","1,2","1,3","1,4","2,0","2,1","2,2","2,3","2,4","3,0","3,1","3,2","3,3","3,4","4,0","4,1","4,2","4,3","4,4","15,10","15,11","15,12","15,13","15,14","15,15","15,16","15,17","16,10","16,11","16,12","16,13","16,14","16,15","16,16","16,17","17,10","17,11","17,12","17,13","17,14","17,15","17,16","17,17","18,10","18,11","18,12","18,13","18,14","18,15","18,16","18,17","19,10","19,11","19,12","19,13","19,14","19,15","19,16","19,17","20,10","20,11","20,12","20,13","20,14","20,15","20,16","20,17","21,10","21,11","21,12","21,13","21,14","21,15","21,16","21,17","22,10","22,11","22,12","22,13","22,14","22,15","22,16","22,17","23,10","23,11","23,12","23,13","23,14","23,15","23,16","23,17","24,10","24,11","24,12","24,13","24,14","24,15","24,16","24,17","9,-17","9,-16","9,-15","9,-14","9,-13","9,-12","9,-11","9,-10","10,-17","10,-16","10,-15","10,-14","10,-13","10,-12","10,-11","10,-10","11,-17","11,-16","11,-15","11,-14","11,-13","11,-12","11,-11","11,-10","12,-17","12,-16","12,-15","12,-14","12,-13","12,-12","12,-11","12,-10","13,-17","13,-16","13,-15","13,-14","13,-13","13,-12","13,-11","13,-10","14,-17","14,-16","14,-15","14,-14","14,-13","14,-12","14,-11","14,-10","15,-17","15,-16","15,-15","15,-14","15,-13","15,-12","15,-11","15,-10","16,-17","16,-16","16,-15","16,-14","16,-13","16,-12","16,-11","16,-10","17,-17","17,-16","17,-15","17,-14","17,-13","17,-12","17,-11","17,-10","24,-10","24,-9","24,-8","24,-7","24,-6","24,-5","25,-10","25,-9","25,-8","25,-7","25,-6","25,-5","26,-10","26,-9","26,-8","26,-7","26,-6","26,-5","27,-10","27,-9","27,-8","27,-7","27,-6","27,-5","28,-10","28,-9","28,-8","28,-7","28,-6","28,-5","13,-1","13,0","13,1","13,2","13,3","13,4","13,5","13,6","13,7","14,-1","14,0","14,1","14,2","14,3","14,4","14,5","14,6","14,7","15,-1","15,0","15,1","15,2","15,3","15,4","15,5","15,6","15,7","16,-1","16,0","16,1","16,2","16,3","16,4","16,5","16,6","16,7","17,-1","17,0","17,1","17,2","17,3","17,4","17,5","17,6","17,7","18,-1","18,0","18,1","18,2","18,3","18,4","18,5","18,6","18,7","14,-27","14,-26","14,-25","14,-24","14,-23","15,-27","15,-26","15,-25","15,-24","15,-23","16,-27","16,-26","16,-25","16,-24","16,-23","17,-27","17,-26","17,-25","17,-24","17,-23","18,-27","18,-26","18,-25","18,-24","18,-23","19,-27","19,-26","19,-25","19,-24","19,-23","20,-27","20,-26","20,-25","20,-24","20,-23","21,-27","21,-26","21,-25","21,-24","21,-23","22,-27","22,-26","22,-25","22,-24","22,-23","16,9","8,-14","19,5","18,-13","14,14","17,-28","25,15","-1,2","23,9","17,-29","4,5","19,2","13,-23","13,-18","15,-18","23,-9","19,-13","26,-11","4,6","16,-22","8,-10","1,5","24,9","-1,3","23,-24","15,8","24,-11","4,7","23,8","-1,0","24,-24","11,-9","18,-22","20,-13","18,-12","25,17","23,-7","14,-9","14,-28","24,-23","20,2","17,-18","17,-30","20,1","14,12","19,6","5,6","12,-1","23,-8","4,-1","5,2","6,2","6,3","7,3","7,4","8,4","8,5","9,5","9,6","10,6","10,7","11,7","11,8","11,9","12,9","13,9","13,10","13,11","13,12","13,13","13,14","13,15","13,16","13,17","13,18","13,19","14,19","15,19","16,19","17,19","18,19","19,19","20,19","21,19","21,18","26,15","26,14","26,13","26,12","26,11","26,10","26,9","26,8","26,7","26,6","26,5","26,4","26,3","26,2","26,1","25,1","24,1","24,0","23,0","23,-1","22,-1","22,-2","22,-3","21,-3","21,-4","20,-4","19,-4","19,-5","19,-6","18,-6","18,-7","17,-7","16,-7","16,-8","15,-8","14,-8","13,-8","12,-8","11,-8","10,-8","9,-8","8,-8","7,-8","7,-9","7,-10","7,-11","7,-12","7,-13","7,-14","7,-15","7,-16","8,-16","19,-12","19,-11","19,-10","19,-9","19,-8","20,-8","21,-8","21,-7","22,-7","22,-6","22,-5","23,-5","27,-4","27,-3","26,-3","25,-3","24,-3","23,-3","23,-2","21,-1","21,0","21,1","20,0","20,-1","20,-2","20,-3","20,-5","20,-6","20,-7","20,-9","20,-10","20,-11","20,-12","20,-14","20,-15","20,-16","20,-17","20,-18","20,-19","20,-20","19,-20","19,-21","18,-21","17,-21","16,-21","15,-21","14,-21","13,-21","12,-21","12,-22","12,-23","12,-24","12,-25","12,-26","12,-27","13,-27","14,16","11,6","10,5","10,4","9,4","8,3","7,2","7,1","6,1","6,0","5,0","17,-8","18,-8","22,-8","22,-4","28,-3","29,-3","30,-3","30,-4","30,-5","30,-6","30,-7","29,-7"],"GrassList":["17,10","24,9","13,6","19,15","27,-9","1,4","17,3","7,-15","18,-24","26,9","16,-16","17,-18","12,-17","9,4","22,15","4,0","17,-27","15,8","16,6","24,0","20,-6","20,-25","10,-8","15,-11","25,-5","18,-12","7,-8","28,-5","15,-17","27,-5","19,13","23,15","17,-24","20,-24","19,-12","13,-17","22,14","17,-28","7,-16","18,-25","21,15","23,14","17,11","27,-8","20,-7","27,-6","10,4","18,13","24,15","20,-12","16,10","8,4","20,-5","1,5","17,-12","20,-13","14,6","21,-7","11,-17","7,-9","22,-7","17,-26","20,-23","22,-8","25,15","26,-5","15,-18","20,-8","17,-13","9,5","19,-24","7,4","15,-10","23,13","14,-10","13,-10","11,-8","20,13","15,-16","20,-11","11,-16","17,-25","23,-7","13,5","21,-23","22,13","17,-29","10,5","12,-10","25,-6","11,-15","0,2","24,-5","16,9","23,-5","21,14","18,15","17,13","17,-23","12,-15","17,6","18,6","18,3","7,-10","7,-14","21,-25","15,10","17,14","18,11","16,7","13,7","16,-26","17,2","16,14","16,-24","22,-25","8,5","22,-6","1,1","16,15","18,5","10,-15","18,4","10,-17","15,11","17,-16","20,-9","23,-8","8,-14","17,7","21,-26","9,-17","13,4","8,-8","25,-7","10,6","19,-5","11,-9","18,-23","24,14","15,14","19,11","27,-4","19,-25","9,-14","10,7","16,-23","21,-24","26,-6","20,-26","28,-9","24,-7","26,-8","14,-16","0,4","23,0","15,13","16,5","19,6","22,-24","15,7"],"KeyList":[],"DoorList":[],"ExploredList":["1,2","2,2","3,2","4,2","5,2","6,2","0,2","-1,2","1,3","1,4","1,5","1,1","1,0","4,3","-1,3","0,3","2,3","3,3","4,1","0,1","2,1","3,1","0,4","2,4","3,4","4,4","5,0","6,0","-1,0","0,0","2,0","3,0","4,0","4,5","4,-1","2,2","7,2","5,6","2,2","4,6"],"ExploredWallList":["-2,2","1,6","1,-1","5,3","-2,3","5,1","-2,1","-1,1","2,5","0,5","2,-1","0,-1","5,4","-2,4","-1,4","5,5","-1,5","3,5","5,-1","-2,0","-2,-1","-1,-1","3,-1","0,6","6,-1","5,-2","4,-2"],"GuardList":["14,-26"],