{"ArriveFloor":12,"ID":1,"Group":1,"MapBound":{"x":-2,"y":-18,"z":0,"center":{"x":13.5,"y":10.0,"z":0.0},"min":{"x":-2,"y":-18,"z":0,"magnitude":18.1107712,"sqrMagnitude":328},"max":{"x":29,"y":38,"z":0,"magnitude":47.8016739,"sqrMagnitude":2285},"xMin":-2,"yMin":-18,"zMin":0,"xMax":29,"yMax":38,"zMax":0,"position":{"x":-2,"y":-18,"z":0,"magnitude":18.1107712,"sqrMagnitude":328},"size":{"x":31,"y":56,"z":0,"magnitude":64.00781,"sqrMagnitude":4097},"allPositionsWithin":{"Current":{"x":-3,"y":-18,"z":0,"magnitude":18.2482872,"sqrMagnitude":333}}},"Start":{"x":4,"y":5,"magnitude":6.40312433,"sqrMagnitude":41},"Goal":{"x":25,"y":34,"magnitude":42.2018967,"sqrMagnitude":1781},"PlayerPosition":{"x":4.0,"y":5.0},"MapList":["0,0","0,1","0,2","0,3","0,4","0,5","0,6","0,7","0,8","0,9","1,0","1,1","1,2","1,3","1,4","1,5","1,6","1,7","1,8","1,9","2,0","2,1","2,2","2,3","2,4","2,5","2,6","2,7","2,8","2,9","3,0","3,1","3,2","3,3","3,4","3,5","3,6","3,7","3,8","3,9","4,0","4,1","4,2","4,3","4,4","4,5","4,6","4,7","4,8","4,9","10,18","10,19","10,20","10,21","10,22","11,18","11,19","11,20","11,21","11,22","12,18","12,19","12,20","12,21","12,22","13,18","13,19","13,20","13,21","13,22","14,18","14,19","14,20","14,21","14,22","15,18","15,19","15,20","15,21","15,22","16,18","16,19","16,20","16,21","16,22","17,18","17,19","17,20","17,21","17,22","19,30","19,31","19,32","19,33","19,34","19,35","19,36","19,37","19,38","20,30","20,31","20,32","20,33","20,34","20,35","20,36","20,37","20,38","21,30","21,31","21,32","21,33","21,34","21,35","21,36","21,37","21,38","22,30","22,31","22,32","22,33","22,34","22,35","22,36","22,37","22,38","23,30","23,31","23,32","23,33","23,34","23,35","23,36","23,37","23,38","24,30","24,31","24,32","24,33","24,34","24,35","24,36","24,37","24,38","25,30","25,31","25,32","25,33","25,34","25,35","25,36","25,37","25,38","26,30","26,31","26,32","26,33","26,34","26,35","26,36","26,37","26,38","27,30","27,31","27,32","27,33","27,34","27,35","27,36","27,37","27,38","9,-15","9,-14","9,-13","9,-12","9,-11","9,-10","9,-9","9,-8","9,-7","10,-15","10,-14","10,-13","10,-12","10,-11","10,-10","10,-9","10,-8","10,-7","11,-15","11,-14","11,-13","11,-12","11,-11","11,-10","11,-9","11,-8","11,-7","12,-15","12,-14","12,-13","12,-12","12,-11","12,-10","12,-9","12,-8","12,-7","13,-15","13,-14","13,-13","13,-12","13,-11","13,-10","13,-9","13,-8","13,-7","14,-15","14,-14","14,-13","14,-12","14,-11","14,-10","14,-9","14,-8","14,-7","12,8","12,9","12,10","12,11","12,12","12,13","13,8","13,9","13,10","13,11","13,12","13,13","14,8","14,9","14,10","14,11","14,12","14,13","15,8","15,9","15,10","15,11","15,12","15,13","16,8","16,9","16,10","16,11","16,12","16,13","17,8","17,9","17,10","17,11","17,12","17,13","18,8","18,9","18,10","18,11","18,12","18,13","19,8","19,9","19,10","19,11","19,12","19,13","21,-10","21,-9","21,-8","21,-7","21,-6","21,-5","21,-4","21,-3","22,-10","22,-9","22,-8","22,-7","22,-6","22,-5","22,-4","22,-3","23,-10","23,-9","23,-8","23,-7","23,-6","23,-5","23,-4","23,-3","24,-10","24,-9","24,-8","24,-7","24,-6","24,-5","24,-4","24,-3","25,-10","25,-9","25,-8","25,-7","25,-6","25,-5","25,-4","25,-3","8,-13","12,17","-1,4","18,37","20,10","9,20","9,-16","17,17","18,33","18,7","0,10","15,-14","14,-16","5,1","-1,5","16,7","5,8","5,6","12,-6","11,-6","14,-17","8,-12","24,29","14,-18","9,-6","8,20","18,38","26,-8","-1,0","22,29","17,38","15,-7","14,-6","-1,6","13,-6","26,-9","14,14","9,-17","8,-14","21,29","6,8","-2,5","20,-9","2,10","-2,0","26,-6","10,23","2,-1","20,13","8,-17","6,9","6,10","7,10","7,11","7,12","8,12","8,13","9,13","10,13","10,14","10,15","11,15","11,16","12,16","13,16","14,16","15,16","16,16","17,16","18,16","19,16","19,17","19,18","19,19","19,20","19,21","19,22","18,22","18,18","19,23","19,24","19,25","20,25","20,26","20,27","21,27","21,28","22,28","23,28","24,28","25,28","26,28","27,28","28,28","29,28","29,29","29,30","29,31","29,32","29,33","29,34","28,34","25,29","25,27","25,26","25,25","25,24","25,23","25,22","25,21","25,20","25,19","25,18","25,17","25,16","25,15","25,14","25,13","25,12","25,11","25,10","25,9","25,8","25,7","25,6","25,5","25,4","25,3","25,2","24,2","24,1","24,0","23,0","22,0","22,-1","21,-1","20,-1","19,-1","19,-2","19,-3","19,-4","18,-4","18,-5","18,-6","17,-6","16,-6","16,-7","16,-8","15,-8","11,-16","11,-17","10,-17","7,-17","7,-16","7,-15","7,-14","7,-13","7,-12","7,-11","7,-10","7,-9","7,-8","7,-7","7,-6","7,-5","7,-4","7,-3","7,-2","7,-1","7,0","7,1","7,2","7,3","7,4","7,5","8,5","8,6","8,7","9,7","9,8","10,8","10,9","10,10","10,11","10,12","12,15","13,15","14,15","15,15","16,15","16,14","21,10","21,9","21,8","21,7","21,6","21,5","21,4","21,3","21,2","21,1","21,0","23,-1","24,-1","25,-1","26,-1","27,-1","27,-2","27,-3","27,-4","26,-4","14,17","21,26","22,27","23,27","28,33","24,26","24,25","23,25","23,24","22,24","22,23","22,22","21,22","21,21","20,21","20,20","13,14"],"GrassList":["7,-7","16,16","12,-10","20,21","19,-4","21,-6","19,31","21,-1","19,24","21,36","25,6","10,14","19,21","11,-10","24,37","10,15","27,30","23,-7","13,13","29,33","19,30","22,-8","14,17","11,-8","11,-9","19,13","14,8","26,-8","9,-9","6,10","29,31","21,-3","21,30","29,34","20,13","10,-9","21,0","22,36","21,-8","26,30","22,-3","21,29","10,13","10,-8","19,23","17,16","26,31","13,12","26,32","23,-6","10,-7","29,30","25,5","6,9","9,-7","29,32","12,-11","21,-9","18,-4","18,16","12,-12","10,12","7,-8","13,8","13,-10","21,35","20,20","9,-8","7,-9","7,10","9,-10","19,16","22,29","19,17","23,-8","10,-10","14,12","25,32","22,-9","24,36","21,-7","22,35","14,-10","12,-8","13,-11","21,-5","17,17","14,11","14,16","26,33","22,-1","25,36","25,30","14,-11","28,34","22,0","23,0","11,-11","23,-9","20,36","10,11","22,30","25,29","16,15","12,-13","25,35","13,-12","25,4","7,11","24,29","22,-4","24,35","21,34","20,-9","13,9","12,-14","18,13","29,29","14,-9","19,25","21,31","20,37","13,16","29,28","23,30","19,32","21,21","7,12","21,37","27,31","24,28","20,-1","16,14","12,12","22,37","14,18","27,32","17,18","14,9","13,-9","23,31","14,15","27,33","20,32","11,-12","17,13","18,12","19,-1","23,-4","22,31","13,15","24,-8","18,11","19,12","9,-6","19,11","22,-10","23,-5","11,-13","23,32","21,-4","21,22","26,36","24,0","24,-6","24,-5","19,18","17,12"],"KeyList":[],"DoorList":[],"ExploredList":["4,5","3,5","2,5","1,5","0,5","-1,5","4,6","4,7","4,8","4,9","4,4","4,3","4,2","4,1","4,0","1,6","0,6","-1,6","2,6","3,6","5,6","1,4","0,4","-1,4","2,4","3,4","5,8","3,8","3,9","3,2","3,1","3,0","0,7","1,7","2,7","3,7","0,3","1,3","2,3","3,3","2,9","2,10","2,1","2,0","0,8","1,8","2,8","0,2","1,2","2,2","1,9","1,1","4,5","3,5","-2,5","5,1","1,0","6,9","0,9","0,1","4,5"],"ExploredWallList":["5,5","4,10","6,6","5,4","5,9","3,10","5,2","-1,7","5,7","6,7","-1,3","5,3","-2,6","-2,4","1,10","5,0","-1,8","-1,2"],"GuardList":["25,34"],